original_path,status,original_bytes,optimized_bytes,original_width,original_height,optimized_width,optimized_height,webp_exports,archive_path,original_sha256,optimized_sha256
public/images/1grade.jpg,retained,408770,216008,1800,1000,1800,1000,,,c9d7f3af0feade96a0a1838a35bba3491f99b56572b889f09d28efb332c35615,8346b40d6f6dd0c1a34acfe8caa500497df25d782cd11a172516f12cfab86344
public/images/2-4yr.jpg,retained,477711,277258,1800,1400,1800,1400,,,869efeaaf70bdbda8dda629d5ff8f8caa293de5e3d4920d1443fe1f398246b01,f9f78cd990c6e9515a86402b7b9b0b16b3082f2c1d7f96b05191994304e6ca01
public/images/2023-summer-b_page-0002.jpg,archived-to-drive,579097,91454,1650,1275,1650,1275,,public/images/2023-summer-b_page-0002.jpg.webp,4ea7a1de72315531f835a22a3d59aee36cda7f891c130a0cef537b6687d676e2,d4856d445478fd990135db866e5c88d090b1f6970db591f49072ad464b869249
public/images/2023-summer-b_page-0003.jpg,archived-to-drive,859727,176040,1650,1275,1650,1275,,public/images/2023-summer-b_page-0003.jpg.webp,aba263becd0fed14a50c423ab8694b572cc801a8601601715faaf036d3c4a8b3,8a9461ff4db96e7bb4e29f81edd5ca976f7f2f8f6c609017684c6097cbbbb2ae
public/images/2023-summer-b_page-0004.jpg,archived-to-drive,708939,128450,1650,1275,1650,1275,,public/images/2023-summer-b_page-0004.jpg.webp,2572b6fac43e60eed62a9162785f01d60afa17fd4c3808561fad0cf28212413b,50efd98c67c7ffa0ed36b7795dffcdd2a224b3f8821e54e760e4543cca92bee2
public/images/2023-summer-b_page-0005.jpg,archived-to-drive,1060161,227352,1650,1275,1650,1275,,public/images/2023-summer-b_page-0005.jpg.webp,462149c95dc15f5d00648874cc4e400b5d35a4ce06180a21e4a3296e413f58ce,aab41e006e0dd6ffbc26ea07d1fec8cec7f63676a41a53c2541bd072d04fe0d5
public/images/2023-summer-b_page-0006.jpg,archived-to-drive,769461,140054,1650,1275,1650,1275,,public/images/2023-summer-b_page-0006.jpg.webp,bcaa0642ef7df7396a413b7c6384d1430a69b7b3003456a11edbadc22b26a450,a316ba450246541bbeff5d430194051c59068a0a584406d95c500e91eb44a962
public/images/2023-summer-b_page-0007.jpg,archived-to-drive,1270224,288920,1650,1275,1650,1275,,public/images/2023-summer-b_page-0007.jpg.webp,b04c1ba0b2436fcdc1493618b139cba4ee9190cfe0c712946242da31873ab90e,2e1c0eebb52c75ea7e529141538c40df79bbc46c91cb36d9f5867e136f8b8f32
public/images/2023-summer-b_page-0008.jpg,archived-to-drive,686434,122232,1650,1275,1650,1275,,public/images/2023-summer-b_page-0008.jpg.webp,105327f701e2891b1c90a9cd5790926da9fd2a67bc7d19885ab8181fc5ad88c9,de1b6b0399bfd12bfd6ea080f418342f26de48e9a6b70d58f710726f6187419b
public/images/2023-summer-b_page-0009.jpg,archived-to-drive,1111536,242428,1650,1275,1650,1275,,public/images/2023-summer-b_page-0009.jpg.webp,081a0182cc6d6ae28fb5c1ebe51d92553a4a59b0bb693a463db4da7faecb3aa1,18d3ee47ee02e59f1c1a6a5e14cf17717ee6619b16122c3b9e2eacce710b80be
public/images/2023-summer-b_page-0010.jpg,archived-to-drive,865535,166718,1650,1275,1650,1275,,public/images/2023-summer-b_page-0010.jpg.webp,6fb28d00c289eb8ca539be0f625fb97683297c1a5ee4d6b247fc129eba53dd1c,f05c4f9502253ba324b20dc34bd4a95fd7bddb1fc3f8afe1bfcd4c86680238ef
public/images/2023-summer-b_page-0011.jpg,archived-to-drive,1203669,270406,1650,1275,1650,1275,,public/images/2023-summer-b_page-0011.jpg.webp,0862e425889b477e4b84138936cf21ee2cc85cbaaebc79767dc9cc83ff9bea44,30858a79a643b31c13587f5777e97d5e8ac3b57ba72417d1b1e8421f60d49b37
public/images/2023-summer-b_page-0012.jpg,archived-to-drive,761293,138474,1650,1275,1650,1275,,public/images/2023-summer-b_page-0012.jpg.webp,14907afdbe6da535d00c133c9f8a5cb09fc162563cd5daedaeaba89e2995ff99,58be4d610545afa0784631d16dd7ee46c2300015fb1944c2f39d6ce2cc9f1b26
public/images/2023-summer-b_page-0013.jpg,archived-to-drive,1073110,217484,1650,1275,1650,1275,,public/images/2023-summer-b_page-0013.jpg.webp,7853078dffd6d66ba86bd002758ef063f799f96adfc11fdf88f3046de507668b,ecaf33137ff7ecf83db4a26d97079c864a1432d7a943fed6d814e108bf45d131
public/images/2023-summer-b_page-0014.jpg,archived-to-drive,900652,174230,1650,1275,1650,1275,,public/images/2023-summer-b_page-0014.jpg.webp,ac4f0b76402d8c35060a466833ecb00c0d56d4ecf33d5980cdcf9a45f7141d3b,24b400e2d1dd72a4cd5ec444134b7fc70dba991f18a65530baf9229d107b8ae8
public/images/2025-summer-a.jpg,archived-to-drive,1218440,257790,1275,1650,1275,1650,,public/images/2025-summer-a.jpg.webp,794d843e5b1b4f1b4a17a1aaf717c2ef6443ee7ecaf59832b5cb4fd6ec7d063f,df2ab3cf5b412c60f0863150248922ba915713fe3534456bcb77a20ee2170939
public/images/2025-summer-b.jpg,archived-to-drive,1297144,270098,1275,1650,1275,1650,,public/images/2025-summer-b.jpg.webp,7e85e6533a8081e6df8edad882c3d70742760d0826dade2fe3a3e567de9c6a9b,c5d8767c81a2c03eaab994c70f0c9fcb040946b30a77984a729d5ac8acb000e3
public/images/2025-summer-graded-1.jpg,archived-to-drive,1373700,200722,1650,1275,1650,1275,,public/images/2025-summer-graded-1.jpg.webp,953e910ad6761bd03fc6602ee91351374ff8a4afb2b07b1a78c8faddf4e3d568,8a6c559132a04eba45047d7855027c83ad256dc2f5474f9d3785f62625258d46
public/images/2025-summer-graded-2.jpg,archived-to-drive,1112202,144404,1650,1275,1650,1275,,public/images/2025-summer-graded-2.jpg.webp,394ad62b9d51c0aca221eefdfdf41874619c3d99aeefe804e0c330bf87c72bfc,9eaf38bc4c8d6a90b9de556b99ba7963f778bd530de528fcd43a16d6c50358c9
public/images/2025-summer-graded-3.jpg,archived-to-drive,1386930,266036,1650,1275,1650,1275,,public/images/2025-summer-graded-3.jpg.webp,1f63514c4b5471cc3fd72b8dd57595834b585e73c789e18e8fc6fbc4b52d91bb,d5496798b734fe794dde2afdeffbe9ee3c61c67aaaeb85ceb36e8023f14d4446
public/images/2025-summer-graded-4.jpg,archived-to-drive,1161921,168948,1650,1275,1650,1275,,public/images/2025-summer-graded-4.jpg.webp,206973b67ef413412d2a1568a7d9e07ecfd666bf176ad20221be94b1b0551524,4206eb345655b1e42d66e4240d5625af9ebf9b24a87648b20e3134161226fd00
public/images/2025-summer-graded-5.jpg,archived-to-drive,1471815,272492,1650,1275,1650,1275,,public/images/2025-summer-graded-5.jpg.webp,88dd4f50fe4b023b9d6a187ed466e25763c8cd1e5301e789de99afdac110cfc5,1e5d1179c716777db394ecec8735f1debf07844bcd7bfab374c4218c1a1a4473
public/images/2025-summer-graded-6.jpg,archived-to-drive,1415877,235660,1650,1275,1650,1275,,public/images/2025-summer-graded-6.jpg.webp,9af29a3bdde725ed012fe9c0d1c67c57731770eafdce114b4f857dcebff47704,3b6531996a987883db2c88c29fd5a6e58a510bfc114f28adcd84e7af5d20c779
public/images/2025-summer-graded-7.jpg,archived-to-drive,1362288,268572,1650,1275,1650,1275,,public/images/2025-summer-graded-7.jpg.webp,dda668e19acf2620931b34e0b6bf686a8af8c8649900fafede5a15ae6ca182f6,6db9c7d5918030ea89d9f3b3b92f57dc4d3baf152d0ac877a5b4f6d7289534db
public/images/22-summer-2.jpg,archived-to-drive,370180,318946,1100,1700,1100,1700,,public/images/22-summer-2.jpg.webp,809ee18c1cbd60ba5e172cc5868a4b0625d88355aff9188e1b724b87ec23288d,26fa2b2201bde38b4748736f821d278589f37d5b1fa44db5729615d847f2a719
public/images/22-summer-3.jpg,archived-to-drive,264088,304758,1100,1700,1100,1700,,public/images/22-summer-3.jpg.webp,b5a07fdc3fd1ecc507aec37bbd2ac56384834d84ab99f38f04bcd897b73d59c8,d88a199909b4eca6bc0920d989eb9de44f27388ad71edca569fc5916f29bdad9
public/images/22-summer-4.jpg,archived-to-drive,241665,305446,1100,1700,1100,1700,,public/images/22-summer-4.jpg.webp,2afec886a1596f73e4b89da4d147dbb420d895a54a4bfcebb3060d7b0fb09cf2,74b5a28c6784a2c1df21d6a656e2b52fe8ef54f2df551feae70161e1cec944c2
public/images/22-summer-5.jpg,archived-to-drive,280408,326910,1100,1700,1100,1700,,public/images/22-summer-5.jpg.webp,c220ad8c901f37758346660536a646c4522a73101ec67c36f4e135f36e178557,3c83b2225af316b0bd67336fc3fa15a472b270ada02bee2bf0544f10c2d6b73a
public/images/22-summer-6.jpg,archived-to-drive,720928,427972,1980,3060,1553,2400,,public/images/22-summer-6.jpg.webp,a9e1a1a758917a89301f92907f6d9b46a6901047b19a7a963f670968dc9b54c3,d3a6943225dce65a29a3add56ec9a8ed8343dd6a9bb32bdda0c0927c62475aba
public/images/22-summer-7.jpg,archived-to-drive,640010,379818,2014,3060,1580,2400,,public/images/22-summer-7.jpg.webp,1779c25bcd8ac4033e478951ff0643eb3f350ed6387b4f1f4366287ec16fd8c6,b9a618992c762f6e0c1af45372e5373cc837a4f80fa1c3e941988dcab19cb01f
public/images/23-audition-2.png,retained,2345813,2181716,1429,2000,1429,2000,public/images/23-audition-2.png.webp,,c0b132cb0a7478ef2727c06d81c01d95ee40e32064bb8f5a62e51d07e19ff85d,bc2b7027eed0feabb5fca09090a72621e88f164f5a310961585b4743dc91d657
public/images/24-25-fall-b1.jpg,retained,879384,207879,1688,1313,1688,1313,,,3f110fc80a0c3a17b6e0e902ef24c21e9457c741496f10a94fcb60a5541ee857,9f3242d60eabbd0ea284aa3639569082e9fdd71ce1bcd76ba5a20fc7b2331f49
public/images/24-25-fall-b2.jpg,retained,782753,231434,1688,1313,1688,1313,,,923f8474735bc9b955d9c79c0b57b01c00c788d950cd46f99333f37d7c502689,1203e84bd4fa131e2ca890c9ba3978c6866e28683f7025e23b27f67e1081bc3d
public/images/24-25-fall-b3.jpg,retained,912896,285650,1688,1313,1688,1313,,,f12bf2f0d9b56277838ae1d53ed1ae4afe9793ff31d5b82a5d9d7678afc0a4ee,e4de338e9df1a068be63749267c850722861c6721e77e1663250e45a0713c391
public/images/24-25-fall-b4.jpg,retained,976237,297871,1688,1313,1688,1313,,,ccffd663d012c057785095e1f47b46792c8cb9a0b58f942a6a087f3d9f785dd5,e28e5e3e5f8085622cd07dfea18dfc6e0c45c8f176c792bbd2b509bf47cf09f1
public/images/24-25-fall-b5.jpg,retained,801160,262714,1688,1313,1688,1313,,,c82f26b95536939fcb865c58aa40e7154e0d529a48a8187ef95da885caff3b16,3ad234e92a0caf827175e175ce5edc709e264b759df0a8a0346eeec4e1e971ef
public/images/24-25-fall-b6.jpg,retained,889782,294595,1688,1313,1688,1313,,,de2d250a51f2148826b772a279ba22eea6ac7e79ad01ca56b0b8f925cf13eaeb,4faa3ebc1fa5479415c3249f3084a006e34fe4f2406e788c0fa0edd9a71bfc79
public/images/24-25-fall-b7.jpg,retained,753291,234280,1688,1313,1688,1313,,,0fdaa9277e80fcf1dff024feac9d6a61298cc287c0bdb76256238283d1a41ed3,ede87fbb86d301ebc6481b0adb8b8ae6db0c24a55162e8711e009f2f83a7fa0b
public/images/24-25-fall-b8.jpg,retained,997465,279019,1688,1313,1688,1313,,,a3ddd2d2f1aa6941dfacdf0e7a44bae90b0ea2b08e5bcba3dd9ee629988aa9ec,7368043a0588af754cf488ecc7e9fb19472a9ad59535704defab5bc8e4538dbf
public/images/24-25-fall-b9.jpg,retained,1166536,409134,1688,1313,1688,1313,,,effb037e17135ba9f4641862b5ff7687423956dc68813ca00ba3e0f9ba96e43b,6cda651cf9ebde4fc12e4ec912f0d0b5376a33f243a2284eeef4339fe6590fe4
public/images/24-25-fall-schedule_page-0001.jpg,archived-to-drive,1052274,134780,1688,1313,1688,1313,,public/images/24-25-fall-schedule_page-0001.jpg.webp,fea800bf0815773399455f6db1c45c6f5d81c7a4e91b7a86ae65832cce2382b7,669aa1c31cbf54d452b558b531bc6c71d2783ce7c5aef720fb990bcb81891ef3
public/images/24-25-fall-schedule_page-0002.jpg,archived-to-drive,811894,143392,1688,1313,1688,1313,,public/images/24-25-fall-schedule_page-0002.jpg.webp,d53ecbad13e3ce5ce294d7a6a3bbaf1f128cccd6a21f0358aa12d2f5b1200b5b,b6fa96548cebcb0415eba16a19094137c5280f407d45f87a5c837004fc4efee7
public/images/24-25-fall-schedule_page-0003.jpg,archived-to-drive,926519,192544,1688,1313,1688,1313,,public/images/24-25-fall-schedule_page-0003.jpg.webp,4b369a93fb70e9a8ccca3dd0319f364ca6d6a0d065e3fbaecaa8078c4b9f3aec,2c20e07e1e6fc1f9cd251623ec32f9f4f4ff6bd8bef91a080dd99692f67439b6
public/images/24-25-fall-schedule_page-0004.jpg,archived-to-drive,998538,211286,1688,1313,1688,1313,,public/images/24-25-fall-schedule_page-0004.jpg.webp,e6d08ec35fd51423067291cf95cabd8db1b9e3fdcc37e72667a61f732a6f175d,1f48a2a362272ea7589ec9394b7ca34472b287df17238ee11618ea437a7fc1a7
public/images/24-25-fall-schedule_page-0005.jpg,archived-to-drive,799842,170870,1688,1313,1688,1313,,public/images/24-25-fall-schedule_page-0005.jpg.webp,259b862861ed0278ce83a99b86f45f5a451afc6c1e2a3b10921b52341a29ce70,8fa94e68ea0af95f9f614cd7766ed2788c4cd269a8a6627c257283ea0b0246b6
public/images/24-25-fall-schedule_page-0006.jpg,archived-to-drive,899397,198110,1688,1313,1688,1313,,public/images/24-25-fall-schedule_page-0006.jpg.webp,9ddc39906d830ab81b9f36743f48f3f08bb0633a632679acab0fa41fc1fc2ae5,a0d8cde7006f86fcdb495f6359344f4ad34fe7a5965f075bbec17ce92a0b1350
public/images/24-25-fall-schedule_page-0007.jpg,archived-to-drive,761052,146056,1688,1313,1688,1313,,public/images/24-25-fall-schedule_page-0007.jpg.webp,ffb0ea668ad7284d2d02c19643f59ff7d476048eb41bf51d025a8a3b89aa73e9,8555a16d3f3758ecb7f8d752be33d8dbda14fc455b6d230819c5385a3b254521
public/images/24-25-fall-schedule_page-0008.jpg,archived-to-drive,992214,176722,1688,1313,1688,1313,,public/images/24-25-fall-schedule_page-0008.jpg.webp,8fcd7a6bbfd63ad8cf7a3283f20d027947682c36cd6d9ff5ef67bf4565d04902,13546dd661f1ab0090ab80023efe7f4639238f907794b08dffde66cf152bc7b4
public/images/24-25-fall-schedule_page-0009.jpg,archived-to-drive,1166240,278136,1688,1313,1688,1313,,public/images/24-25-fall-schedule_page-0009.jpg.webp,d41b37aa6a1d94506ed9fa7fe5681cda72901826fc354cd2d50c2faa7c1f59fb,40c4a780a811e0a7bec25df2d3f12fbbb30e98b6d891aad72ae5f679a986bf58
public/images/25-staff-aly.jpg,retained,299452,49804,600,750,600,750,,,c2a2254f04552ecfbbb85bb1d6f9f2e211746a19830734c1cb33b195421d8993,055db325b9d58bd2f64478932965bf21a649055e7ecb893682191bdf3d535a22
public/images/25-staff-chloe-jane.jpg,retained,303642,48974,600,750,600,750,,,9cf6c649b728777b0253354b12807141248c822bbf1d4dc2c0171376e358d7f8,4fb497c259ab68fac2ab0c9085f9766e2a2feb316efcdf854771fa69421ea67e
public/images/25-staff-elisabeth.jpg,retained,324480,48579,600,750,600,750,,,8113461a7405d2ffb0e45ca7b729120dca4d8584d971699f11ba6e00cfb507d4,c471f2410b8203cae9148239d02a668a11668c8371fc4b55edca60ca30e5c4dc
public/images/25-staff-hannah-derksen.jpg,retained,309219,49158,600,750,600,750,,,baff262b9afc860addf92dbade16ae7f01d0b2a1f25f6a646c44584719f34b7e,07a4caaa9d274633622cc237115377df5ea8435feb05f900949fbdb0d3d7b953
public/images/25-staff-macy.jpg,retained,336678,56086,600,750,600,750,,,69b2aabf413d1c896f21d7f995e08bbf462b38729be51592955424ccbd691037,69f0ab21f4b948ff1034569259f24c5b1a6d83fedd8173c2dfa5e624ad5cbd02
public/images/25-staff-madalyn.jpg,retained,329628,57261,600,750,600,750,,,995a931cb5220446dc80ad30bbdcd266e5f5cbfb2f7966c443fc7a7977cd3bca,fb09b5eaf224c02760e245eff2b779417e20d9062396ac8480aa3e846343ba8b
public/images/25-staff-maddie-hischke.jpg,retained,333459,54226,600,750,600,750,,,5f4f74670a708ca62fbf100669964913f0653750457877ae0ad2b6dd8572d0d9,7d6863f04ad786e2f50c196c1197ec63efec1559c8993db8b1787e57aac80687
public/images/25-staff-olivia.jpg,retained,297268,48643,600,750,600,750,,,ac0921bb7f06880f948aa6c623af12d9cfe3830c8eb9067e52c8a88aadfead04,4fdb564d58188b38ffc0be2c08fa4cbfebdc0dee6c472caf6ac8d29488ef0367
public/images/26-27-fall-sched-10.jpg,archived-to-drive,918971,187644,1688,1313,1688,1313,,public/images/26-27-fall-sched-10.jpg.webp,f5056f19d2f3c744749e22f41f4a6405f09541a7a16664fbc26b96841e59076f,85fbd424d49f1b8cc842c76f2c6b1f3da492cfc36c3d42a3dc3cd5d880048b98
public/images/26-27-fall-sched-11.jpg,archived-to-drive,1176299,231306,1688,1313,1688,1313,,public/images/26-27-fall-sched-11.jpg.webp,57f4ee6bbaf0edf4278fb39f8bb5b603bb5c03f9a73950be580125c34a4725e4,d0af2cad1a47b78ff5bcf6881321593f392c96dcf44ab8c33ee3f261219d809d
public/images/26-27-fall-sched-12.jpg,archived-to-drive,1296859,265486,1688,1313,1688,1313,,public/images/26-27-fall-sched-12.jpg.webp,e2ddf716c87ec31d399aa9b452fe1fbfb635782d77cc34f3cdf219afa89c3e4a,0c0a5579cf2812ef8f9d3b3dbb5e353450102ab0748dadd150721633c78be57b
public/images/26-27-fall-sched-13.jpg,archived-to-drive,1308162,286722,1688,1313,1688,1313,,public/images/26-27-fall-sched-13.jpg.webp,a5eacc204f884acbc93ff767780094ddd0391424f58a4e575f96a6beff73161a,c6cedc118f9d997a3d62786a5341f8cd094c2082b5ad01720dd559bf9d07af4e
public/images/26-27-fall-sched-2.jpg,archived-to-drive,1152441,168574,1688,1313,1688,1313,,public/images/26-27-fall-sched-2.jpg.webp,f3fb348e843ad3fc0278c42cbeaa18154de24aa86cf9bfa6c907c4a749b4ebb3,b585bdd91baeba2f1ac0c33398f4506b8245604610aed26ad531d314e881cc5f
public/images/26-27-fall-sched-3.jpg,archived-to-drive,994931,204696,1688,1313,1688,1313,,public/images/26-27-fall-sched-3.jpg.webp,b19a7f09425445460bcba06394f6c455d20ec340c3f6edecba11bc2cdd82892f,1f77e1f0c0511e0281d7d0b24a832ff7e62d6c3a24d6215d044632a83e18883f
public/images/26-27-fall-sched-4.jpg,archived-to-drive,1199834,292568,1688,1313,1688,1313,,public/images/26-27-fall-sched-4.jpg.webp,e0e4c7528d9d9dfb868b0edaaf0bf9bf661d97da85178ba5e4d0449df81de1ef,a9632bd88ebb73f58122e3f0953360143db87f47018447d48f1472ce1b8efeb4
public/images/26-27-fall-sched-5.jpg,archived-to-drive,816488,164308,1688,1313,1688,1313,,public/images/26-27-fall-sched-5.jpg.webp,17098576d4e7c5ad769bbb6767168f69cd2bc6c578a7ee66c60d22691c582659,fdd5cc7f6a3738e44324dcbb9cb804f49888a539603a20542c4b836574ea23ff
public/images/26-27-fall-sched-6.jpg,archived-to-drive,902734,185002,1688,1313,1688,1313,,public/images/26-27-fall-sched-6.jpg.webp,eac1a147a7bd69ad2a31b41e436d0fada55529afaff9fe2f3f65c16e16f9754c,525b62e5ccf61ed314d5d13d64500d9e905d7628f8f366c980e09dd6c5752d99
public/images/26-27-fall-sched-7.jpg,archived-to-drive,924816,188586,1688,1313,1688,1313,,public/images/26-27-fall-sched-7.jpg.webp,3fa9503f0aeb881c928ea5ba80056715c65c37cb7f24b912879911b1acbb3ba2,ba72a72be3747c186b099839e5d593b11338571383fc04fd0797de87a2e78ce4
public/images/26-27-fall-sched-8.jpg,archived-to-drive,996625,214098,1688,1313,1688,1313,,public/images/26-27-fall-sched-8.jpg.webp,21c20d3d09df9c6a35cb516df07717151ae036b26ad7b42d7bd837387aacdce8,e003603ff7546331c4573a82e8cbdfc1e8929d410aa24b17bc131968d1d6f525
public/images/26-27-fall-sched-9.jpg,archived-to-drive,894460,195012,1688,1313,1688,1313,,public/images/26-27-fall-sched-9.jpg.webp,0a3ab84c835b44838d0fde4c51f131d123f403f2a210cfc2b88e35c2b8b985c5,02b138b489159fb8f0719ce925c20881d49927e03b8aa20e24d5cebfd4cc0b8d
public/images/26-marushka-auditions.jpg,retained,1279648,166727,3000,1688,1920,1080,,,be80627d72d7395c1e4bad794a46ccb352108a82efeb13879667c7072272f98d,2d105312be523a2cfddaaef971c7ef136d4d30f942b7a057f8d1d415657c787b
public/images/26-pg-auditions.jpg,retained,1322585,346864,1275,1650,1275,1650,,,ac2b83274d0043f0cce7e74b22dc2ca9869d0d989cf4203bb5c45448198764fb,675babb1a9abbbf3eb4bc32a9124dcae7ad74abd86a3462cc3c4930b674d3258
public/images/26-summer-2.jpg,archived-to-drive,1088794,169884,1650,1275,1650,1275,,public/images/26-summer-2.jpg.webp,387cf474215b2a60d7eeb5c6839f421fc0a775d6738fe536e355c03719f4a0a3,a83af08ecc7c7d34cf891a28f0f2b801c750990e4b98b16361f725fe0df8818d
public/images/26-summer-3-18-1.jpg,retained,1133925,340044,1650,1275,1650,1275,,,4b838c84cf5055b8c448fcdbaedabee139edcdcbf6620fd00736f5a923752cb3,a94954f19cc096a7daf847660a0c030e4da1c56e1d4dfe32818cf859689f4bf7
public/images/26-summer-3-18-2.jpg,retained,1299991,388470,1650,1275,1650,1275,,,6ed4ef9ff1d80307f13d3b03bd7bed2c5152a7f8245d873bfc86640b36391d42,fc259024e0f135aa68e6baf0bfa0487c80049cee4d6a91b73725141febb26bb7
public/images/26-summer-3-18-3.jpg,retained,1374881,374816,1650,1275,1650,1275,,,3fe529f07ee28b84e1e12c1848b959957611d2650ddeadf015e28780bc4e9d50,cc681fe0952a09be01c460675687989d437e0ee6488dcbe44df60c75db1438fe
public/images/26-summer-3-18-4.jpg,retained,912635,234443,1650,1275,1650,1275,,,523671ff6dee447398f5b79b30723d4ff6404f44890de07a21bfc8bb46d8b2ae,435a004541b65628abed6b52a92db001d459f92af2ef9b7b7918104723548179
public/images/26-summer-3-18-5.jpg,retained,1088794,275319,1650,1275,1650,1275,,,387cf474215b2a60d7eeb5c6839f421fc0a775d6738fe536e355c03719f4a0a3,fad4d29cf5e1ac97885dc37b39a6a5dceab9eaf1adca1534d9fadfd32c7511b5
public/images/26-summer-3-18-6.jpg,retained,1388834,369438,1650,1275,1650,1275,,,52ae9c0ee85dd6933be5a8befbddf13c0bb5ea80ee1c96a96a085294fe6de7c3,45643f72c861ae634a334d16f93469ebca093bc4dd79084d5a22643178ff2b83
public/images/26-summer-3-18-7.jpg,retained,1339099,349193,1650,1275,1650,1275,,,1ead328458a004930c70eca6c8d4e4b574e0f9bc004a5626377a38637499f809,122ea02501f1e514d62515d8198aa5ab497f4520794dae7885481ecc197214ce
public/images/26-summer-3-18-8.jpg,retained,1634376,446569,1650,1275,1650,1275,,,0b8455122e628fb3d7e1a72ca017ed7d6da85550df618c4bbd2938fb37c156b9,437c9eda38d1fe4ff988c951a3682fadfc148c0c43a65ed1bd83e9bd16044aec
public/images/26-summer-3-18-9.jpg,retained,1557435,329846,1650,1275,1650,1275,,,efdd3ce59dbe8641ac562c66b77e896d3665c2986b5ab3b9bc4fa2f0f1c5a11b,21c533ccdb607bcf148f84df41cfcbd3889af23e4c0c102ff54632e3db77d714
public/images/26-summer-3.jpg,archived-to-drive,1388834,259538,1650,1275,1650,1275,,public/images/26-summer-3.jpg.webp,52ae9c0ee85dd6933be5a8befbddf13c0bb5ea80ee1c96a96a085294fe6de7c3,4f888fc2ffb97e6f6daad4b175528f222fea1a94fde25eb7bf94984d66fdf25d
public/images/26-summer-4.jpg,archived-to-drive,1339099,216738,1650,1275,1650,1275,,public/images/26-summer-4.jpg.webp,1ead328458a004930c70eca6c8d4e4b574e0f9bc004a5626377a38637499f809,8afc954b04a4695ebfb5fcb916aa59df57aa8f10477881f230ac52ee36c4ad97
public/images/26-summer-5.jpg,archived-to-drive,1632585,296080,1650,1275,1650,1275,,public/images/26-summer-5.jpg.webp,fe5245f05c323082745ce40eaf93bb8b862159c47d8b36ab8a5264295970d4a2,26e40897acbc912fb1a88fe3e678bdd0ff575e95e48ab96b6bcca189337371f5
public/images/26-summer-6.jpg,archived-to-drive,1557435,214228,1650,1275,1650,1275,,public/images/26-summer-6.jpg.webp,efdd3ce59dbe8641ac562c66b77e896d3665c2986b5ab3b9bc4fa2f0f1c5a11b,80f82bdf22781d32f66b8cfeda3c0ea8f70028c7b6ee7b1178c6b26f52a8320d
public/images/26-summer-kids-2.jpg,archived-to-drive,1299991,275202,1650,1275,1650,1275,,public/images/26-summer-kids-2.jpg.webp,6ed4ef9ff1d80307f13d3b03bd7bed2c5152a7f8245d873bfc86640b36391d42,ac72574fbc2cf15e413a227a16e4bf8ec5f775d3c0f668759f833945edca9444
public/images/26-summer-kids-glossary.jpg,archived-to-drive,1374881,283272,1650,1275,1650,1275,,public/images/26-summer-kids-glossary.jpg.webp,3fe529f07ee28b84e1e12c1848b959957611d2650ddeadf015e28780bc4e9d50,cb493cb738f6670dfc403c7c46be226a1c16b1aa41707734d079278dbc4322de
public/images/26-summer-kids.jpg,archived-to-drive,1133925,233972,1650,1275,1650,1275,,public/images/26-summer-kids.jpg.webp,4b838c84cf5055b8c448fcdbaedabee139edcdcbf6620fd00736f5a923752cb3,5ca9c754dfa84921accf222faa606f184e41878d595a2e999705933310063c86
public/images/26-summer.jpg,archived-to-drive,912635,159042,1650,1275,1650,1275,,public/images/26-summer.jpg.webp,523671ff6dee447398f5b79b30723d4ff6404f44890de07a21bfc8bb46d8b2ae,6030fa263124e2cab33ff56199c7af49681753a354a5c8e55e8352d7bcc018a9
public/images/2nd-3rd.jpg,retained,286841,146131,1500,1167,1500,1167,,,48849eab925d3f05e5821bfa28da92f16e2954a037788e95b6709e67a1009b4a,ee2eaceb3b0c7d56d90cc6fbccc6bc0ccf6fb9055846f1f0c6f6e284fbd20626
public/images/2yr.jpg,retained,381317,200381,1800,1025,1800,1025,,,1c3af0889b4a436d2e8caea15617418e68ff9c6fd34e7ac361083c4ed80ac296,19648bbc10b16bb88d9af0d0ef1e09f909e3354078c6003dda0ccd4a90b1f26c
public/images/3grade.jpg,retained,391946,218865,1800,1000,1800,1000,,,19df5b88c2cf4356ab82fb182aca29eff2ac2d91d5f9920a2ae5e9ffc49819eb,d89f88632ad624f8c99f5686dbf7626b477d0fa29fa06455b39879096c97359b
public/images/6-28-26-program-guide-1.jpg,archived-to-drive,1152441,168574,1688,1313,1688,1313,,public/images/6-28-26-program-guide-1.jpg.webp,f3fb348e843ad3fc0278c42cbeaa18154de24aa86cf9bfa6c907c4a749b4ebb3,b585bdd91baeba2f1ac0c33398f4506b8245604610aed26ad531d314e881cc5f
public/images/6-28-26-program-guide-10.jpg,archived-to-drive,1157745,225950,1688,1313,1688,1313,,public/images/6-28-26-program-guide-10.jpg.webp,e3ba80ec58dfea7f8612ed6c63d7960f9f90beb8e8d69504dbfc4c4d50fb634f,8ce40b3de09d68ca1c0c67e7c1cd274bb8f00bb37af3adb660a8a54105779625
public/images/6-28-26-program-guide-11.jpg,archived-to-drive,1296859,265486,1688,1313,1688,1313,,public/images/6-28-26-program-guide-11.jpg.webp,e2ddf716c87ec31d399aa9b452fe1fbfb635782d77cc34f3cdf219afa89c3e4a,0c0a5579cf2812ef8f9d3b3dbb5e353450102ab0748dadd150721633c78be57b
public/images/6-28-26-program-guide-12.jpg,archived-to-drive,1308249,286734,1688,1313,1688,1313,,public/images/6-28-26-program-guide-12.jpg.webp,234006a28353e1991b0a03397cbce034d7bbaffc7183589c6324eabf61e59696,93dce056661eae21274dd13c01cc3a5af64545ace1b710398618567542c83243
public/images/6-28-26-program-guide-13.jpg,retained,928616,265663,1688,1313,1688,1313,,,23f4a190e2629ad301f7122c3a158b1a249d7c79d2e1358078c65548bd0f86cc,b02d00b604e4b7bb62f476edc86ef4ce582ba3724fa48459df6dc8bf29f1e811
public/images/6-28-26-program-guide-2.jpg,archived-to-drive,994931,204696,1688,1313,1688,1313,,public/images/6-28-26-program-guide-2.jpg.webp,b19a7f09425445460bcba06394f6c455d20ec340c3f6edecba11bc2cdd82892f,1f77e1f0c0511e0281d7d0b24a832ff7e62d6c3a24d6215d044632a83e18883f
public/images/6-28-26-program-guide-3.jpg,archived-to-drive,1199834,292568,1688,1313,1688,1313,,public/images/6-28-26-program-guide-3.jpg.webp,e0e4c7528d9d9dfb868b0edaaf0bf9bf661d97da85178ba5e4d0449df81de1ef,a9632bd88ebb73f58122e3f0953360143db87f47018447d48f1472ce1b8efeb4
public/images/6-28-26-program-guide-4.jpg,archived-to-drive,817535,164578,1688,1313,1688,1313,,public/images/6-28-26-program-guide-4.jpg.webp,904ad36d29a585026caa002453a753c2da319cb5aad8af9a4610d0a77c319af7,ae93b87fb54fe451c6926771fea0ee960a7f3b7ae60ed85cce64c375f592a742
public/images/6-28-26-program-guide-5.jpg,archived-to-drive,949744,195292,1688,1313,1688,1313,,public/images/6-28-26-program-guide-5.jpg.webp,de4310ac33446bdd9fa938eedd49df20e2614e297ea44b172806385e358841e6,78688e3cf55c90fa329a96faaac79009a08012d78a50a9908af9118b776111b3
public/images/6-28-26-program-guide-6.jpg,archived-to-drive,910436,185354,1688,1313,1688,1313,,public/images/6-28-26-program-guide-6.jpg.webp,401e534b3ef8db103885eef38661ad73d38beba04ad45067f1cf2c443cf9e1ab,3a5b163545c3f17906a7b14354a5e630c619bb6dea7385aff967b6aa866f1dce
public/images/6-28-26-program-guide-7.jpg,archived-to-drive,895212,195072,1688,1313,1688,1313,,public/images/6-28-26-program-guide-7.jpg.webp,ae711c71970bdd2b24d4252163b7c367c5322cc995bfbdd4b8b21e79494bb9ed,d158090154275dce4dcb4c4477845070729c1a6145aa54b038225a04aced98d9
public/images/6-28-26-program-guide-8.jpg,archived-to-drive,816020,178588,1688,1313,1688,1313,,public/images/6-28-26-program-guide-8.jpg.webp,e8f13c9d1c08f3a1852e834eff070cac30c84a247fbc67b6289a6cc721bfb44a,a96f033370bdcbe78ecb6105129817b3b884d1de8242fb4bdd711aa0716d1db4
public/images/6-28-26-program-guide-9.jpg,archived-to-drive,965758,202988,1688,1313,1688,1313,,public/images/6-28-26-program-guide-9.jpg.webp,b413c3e5be1a956dbd40812ad6fdabd63b20ffb1ae7a27771d0e836222aa3c91,f9e80ecadb58f9fe543049d9d63f6047541a9621fb4025f4aa8ef1ea83b646f1
public/images/6-4-26-fall-schedule_page-0001.jpg,archived-to-drive,1152441,168574,1688,1313,1688,1313,,public/images/6-4-26-fall-schedule_page-0001.jpg.webp,f3fb348e843ad3fc0278c42cbeaa18154de24aa86cf9bfa6c907c4a749b4ebb3,b585bdd91baeba2f1ac0c33398f4506b8245604610aed26ad531d314e881cc5f
public/images/6-4-26-fall-schedule_page-0002.jpg,archived-to-drive,994931,204696,1688,1313,1688,1313,,public/images/6-4-26-fall-schedule_page-0002.jpg.webp,b19a7f09425445460bcba06394f6c455d20ec340c3f6edecba11bc2cdd82892f,1f77e1f0c0511e0281d7d0b24a832ff7e62d6c3a24d6215d044632a83e18883f
public/images/6-4-26-fall-schedule_page-0003.jpg,archived-to-drive,1199834,292568,1688,1313,1688,1313,,public/images/6-4-26-fall-schedule_page-0003.jpg.webp,e0e4c7528d9d9dfb868b0edaaf0bf9bf661d97da85178ba5e4d0449df81de1ef,a9632bd88ebb73f58122e3f0953360143db87f47018447d48f1472ce1b8efeb4
public/images/6-4-26-fall-schedule_page-0004.jpg,archived-to-drive,816035,164180,1688,1313,1688,1313,,public/images/6-4-26-fall-schedule_page-0004.jpg.webp,0862192b284f40387f9edce53c0600d2914e7779f3afd1f19dd5e34a28a5b9b5,4e5c8132667acfb7e08eed6dc833dad91621f7f573ba7b5053d1fc801eb49ec3
public/images/6-4-26-fall-schedule_page-0005.jpg,archived-to-drive,901877,182564,1688,1313,1688,1313,,public/images/6-4-26-fall-schedule_page-0005.jpg.webp,7244e2028941c9cc5d65ebc784f885fe04a78f61f596e6c92f97d2fa6417b26e,784eae2570657a0a6665de2c2d9be76f7c246a684afc3c90b1a2886dbe19358a
public/images/6-4-26-fall-schedule_page-0006.jpg,archived-to-drive,922965,188270,1688,1313,1688,1313,,public/images/6-4-26-fall-schedule_page-0006.jpg.webp,2e6ef25a9477d06c96aed11ba258cc818691e72891d87cbc3163e14ee2944b17,e08b74adab5c347db0815148b0e801ace7762cb27e5bb579b1f6d190681bb580
public/images/6-4-26-fall-schedule_page-0007.jpg,archived-to-drive,996741,214008,1688,1313,1688,1313,,public/images/6-4-26-fall-schedule_page-0007.jpg.webp,ec9f7c16a9bc3cafc9643745ede3bc6f2e12ceb5d0bbc2c6f6f6f1099e62d903,8c872b228c2925b317eedb28a95fa7f44e9a42d56cdd340c90201a18c77c648a
public/images/6-4-26-fall-schedule_page-0008.jpg,archived-to-drive,893885,194934,1688,1313,1688,1313,,public/images/6-4-26-fall-schedule_page-0008.jpg.webp,1db37320cdb64c409b69a6ccf1b2ed2180d69c94af78b9cffdff9f29e7be7278,273522fc11463506c7ab7778f58c3077eefdfe4c3f2e108c3f9113a8bb5c0ce2
public/images/6-4-26-fall-schedule_page-0009.jpg,archived-to-drive,965758,202988,1688,1313,1688,1313,,public/images/6-4-26-fall-schedule_page-0009.jpg.webp,b413c3e5be1a956dbd40812ad6fdabd63b20ffb1ae7a27771d0e836222aa3c91,f9e80ecadb58f9fe543049d9d63f6047541a9621fb4025f4aa8ef1ea83b646f1
public/images/6-4-26-fall-schedule_page-0010.jpg,archived-to-drive,1181448,231546,1688,1313,1688,1313,,public/images/6-4-26-fall-schedule_page-0010.jpg.webp,667e6136f514855ddcc1e936a0ca11f0457fe74a756207bc5d177d4ca73732b0,7c5270e8790b23ea497945baeef625bd80535f1de5a97698826daaaeb36a136c
public/images/6-4-26-fall-schedule_page-0011.jpg,archived-to-drive,1296859,265486,1688,1313,1688,1313,,public/images/6-4-26-fall-schedule_page-0011.jpg.webp,e2ddf716c87ec31d399aa9b452fe1fbfb635782d77cc34f3cdf219afa89c3e4a,0c0a5579cf2812ef8f9d3b3dbb5e353450102ab0748dadd150721633c78be57b
public/images/6-4-26-fall-schedule_page-0012.jpg,archived-to-drive,1308371,286726,1688,1313,1688,1313,,public/images/6-4-26-fall-schedule_page-0012.jpg.webp,60adf085a05f9deb674babea72f6d641f57705efac0faebcc936555594d7c6dd,a9f5e36aabef333d4a962c7b189308ba42adce812ce6c1362976690aecd70bf4
public/images/6-4-26-fall-schedule_page-0013.jpg,archived-to-drive,928616,167098,1688,1313,1688,1313,,public/images/6-4-26-fall-schedule_page-0013.jpg.webp,23f4a190e2629ad301f7122c3a158b1a249d7c79d2e1358078c65548bd0f86cc,c2d39c6c8ef776e2633bf3f03e933b1d90373d0fd8c38330f768f95796bf1466
public/images/7-20-26-fall-schedule-1.jpg,retained,1152441,262176,1688,1313,1688,1313,,,f3fb348e843ad3fc0278c42cbeaa18154de24aa86cf9bfa6c907c4a749b4ebb3,98826979d3f993fd639d6278b805b97bde83f9d42a7f7878a7f157e7e35e8053
public/images/7-20-26-fall-schedule-10.jpg,retained,1175382,337967,1688,1313,1688,1313,,,3542623fd2ba174768aaf84c03d6c8c92b4b754537cf0819f9b02876d08c9291,ccade4d89ea7f5699a0f4a767b1d2a397c7d0a3802bfa5b15bf900be1b00cae4
public/images/7-20-26-fall-schedule-11.jpg,retained,1296859,370710,1688,1313,1688,1313,,,e2ddf716c87ec31d399aa9b452fe1fbfb635782d77cc34f3cdf219afa89c3e4a,d085c15ca707a63a93ee75523dc56548b1933e5a3dd79124f1580472f8aafb2a
public/images/7-20-26-fall-schedule-12.jpg,retained,1308249,419659,1688,1313,1688,1313,,,234006a28353e1991b0a03397cbce034d7bbaffc7183589c6324eabf61e59696,7d8c312ef7982c6be7813044d664ca6da2ec24e13bfb6d4cae830fda22bbe7d8
public/images/7-20-26-fall-schedule-13.jpg,archived-to-drive,928616,167098,1688,1313,1688,1313,,public/images/7-20-26-fall-schedule-13.jpg.webp,23f4a190e2629ad301f7122c3a158b1a249d7c79d2e1358078c65548bd0f86cc,c2d39c6c8ef776e2633bf3f03e933b1d90373d0fd8c38330f768f95796bf1466
public/images/7-20-26-fall-schedule-2.jpg,retained,994931,304585,1688,1313,1688,1313,,,b19a7f09425445460bcba06394f6c455d20ec340c3f6edecba11bc2cdd82892f,51d5d316ff63e674902250d61ec6406593b79f88cb7b1cc377c36a020508fdf1
public/images/7-20-26-fall-schedule-3.jpg,retained,1199834,419065,1688,1313,1688,1313,,,e0e4c7528d9d9dfb868b0edaaf0bf9bf661d97da85178ba5e4d0449df81de1ef,1e2caadc4b507b654bbd2b827049ee7800d42a7a21d1bc501b95539957f35571
public/images/7-20-26-fall-schedule-4.jpg,retained,817535,258722,1688,1313,1688,1313,,,904ad36d29a585026caa002453a753c2da319cb5aad8af9a4610d0a77c319af7,3777e8bb3194aa52b72b09e5f74e810e1d00d6a1daf5245d14942b8a09b4fb94
public/images/7-20-26-fall-schedule-5.jpg,retained,950225,304639,1688,1313,1688,1313,,,c5785cb2be32b565cbed0e335cac54957350812d6bcd029e5f73df86742d6a84,4f0ed97b727c8f652c4c7882a55af5047666e9f5b5df70e6db1cf0dc955932f4
public/images/7-20-26-fall-schedule-6.jpg,retained,937948,291727,1688,1313,1688,1313,,,86fd72c01948951663f7e6f7d64c261d6a6435300058135f7834643150bc2cdc,fb897914445e5e9400ed7427d83fbef6aa33534545672758653bed6d74ea4342
public/images/7-20-26-fall-schedule-7.jpg,retained,962106,321658,1688,1313,1688,1313,,,a9679dd088bd2393fc274aa8abdcfa37386a422114f794808b028af89d016b59,126b6b3b7d485773fede43fab8e608faf87817f4d18a6d6fd084b91465fda879
public/images/7-20-26-fall-schedule-8.jpg,retained,815677,276026,1688,1313,1688,1313,,,3d5a3ba2c74eebe605185ce4ee7511db75d28404ac345faf376f1fac8d9f781f,aff95765acd489fb94f2445c309f724393a6bc44ff05a822aec3134320aae3cc
public/images/7-20-26-fall-schedule-9.jpg,retained,965117,291816,1688,1313,1688,1313,,,7fade51f875ea24305b5486e14508fc74e57001776ff49e53cadcc23f55fa705,a4dffff6f694e4725ce579e1d08a6601d8293d78e29e87fa30fccab2d0679c0a
public/images/a1.png,retained,1725624,1686775,1241,1241,1241,1241,public/images/a1.png.webp,,53ed8f80023198bd354ed4914cda266a586094774e6fa1d51729f305b62312f8,31b93135fb530043c8192ce543ac06b6322887486e3e26af162780f0a2457a11
public/images/a2.jpg,retained,916080,137401,810,810,810,810,,,800c6d88eae19e35879eb68995cbe1f169782ab5669c9ec75cb8e1b39236d1cb,977858afc065ce18f39cd50d0af2276305e9d737f195a75d338b5cbfb3d3751e
public/images/a3.png,retained,359557,348551,705,591,705,591,public/images/a3.png.webp,,693a9ea1e8b571ac9256fda2d1a9e5cca71dc18d4211e18f23a1accf918c50f3,e4887fd17a5baea3ad68e3386855b13d71772857643e5d29ffe46f8f582fde1e
public/images/achieve.jpg,retained,400213,168303,1800,1200,1800,1200,,,77e17e45fd245413f0721312f673070e832a8d0b9243ac68042e57fc56ab5b7a,779254f4ef4593c53db64c649c001f4e3f4598c10a8290ee548a483fc1907f97
public/images/acro-la-crosse.jpg,retained,159411,129974,2250,1500,1920,1280,,,c66f752c640eddf0b9d3fa2961afef895df564566cbb36d6282015e4835981f2,6e08cf7f9f8f5e130340bcdf13d9a14506ef3c7f114cb3f87011cd5e62a75a1a
public/images/adult.jpg,retained,373467,220039,1500,1167,1500,1167,,,615a8da971ef500153d3856229f26da8e5459630a8feec138729e8f0e559bd2c,928aacb351391cbbbf041bc5e9c0bdea54f79003cee0b6e6a8d78c59a7b6b9a2
public/images/adultballet.png,retained,978543,958577,800,800,800,800,public/images/adultballet.png.webp,,188fd1588ce55aebaed1f7db4735d4fc3756f6e3a820fccdc026691cd6d8a5dc,807348d691a96d376bc1ea046b7c200e3106831d5e395b8363416e43c4fe45e9
public/images/adulthiphop.jpg,retained,292735,170169,1920,1080,1920,1080,,,91bae3f814175671f41c200f79b2c7885df0f50a295ca6d90f8c70da1c60b5bc,58672bb3119774c5e4fa35cc832105c860b12abe59218ba2e4ca7aa7a9488398
public/images/adulttap.jpg,retained,484335,352935,2433,1643,1920,1297,,,c41f40699b82f374636ec2b244fb901f3f9e28864c3675eaa74e631a4e2d429f,e3a1ad6d0855e2e62dd34b826a6ef8e36a2047777eefff30965d0758d76433c3
public/images/ages5-9.jpg,retained,947178,228326,3000,2400,1920,1536,,,b3ca50f83a775afb38e15dce930a543f0c55965244ebdeb5d5a5a271a0103601,095e575b49939942d54d5a1a7691c5136f683043492162e66aa5864a13c19c6a
public/images/alumni-thumb.png,retained,68333,64885,1280,720,1280,720,public/images/alumni-thumb.png.webp,,1df112f33c7c8f8ff035e6c5c2bdfb70c83cda3f6213980a477d7541c9c82d07,bacaf557de23aba90d06e6c6cb9fd4d7e010b17eb03844781c9f619fea5499ae
public/images/ballet-camp-la-crosse.jpg,retained,888414,156877,1800,1200,1800,1200,,,8a7c1cd676c46460ff48657dbc81edeb73450bbbc9427e650b0cffd161ba06b3,dbc351a1f071c20ea2f5ac28fec61250ad79839881b17339a3fd1dc6146e17be
public/images/ballet-camps-la-crosse.jpg,retained,3364387,177309,3752,3002,1920,1536,,,8c97066d31ac13a068dd04c24f30b32ac4c692d7aba2540ae76d15abeba61601,94a871586a55778d78bac902d833f6f55e644436cc2d64ae88df8f4cc3c003c9
public/images/ballet-classes-la-crosse-wi.jpg,retained,212961,195582,2100,1500,1920,1371,,,1c4bf3e89a12f1359789a5abc759a851528e31ab7316dfa9f9b45ef489e1b313,04f17fb18331b2714d645f3afc3752dbc80515759bcd3c3abf31abaa182f4b6f
public/images/ballet-classes-la-crosse.jpg,retained,633260,294739,2100,1620,1920,1481,,,5ed4d16987d7445998112b87f7796c734a1b51715c11a6e78d7dc4cf06f83cff,1e5d08c80fd809240f50dab41d4b658465a2189537e967ab3e7fd05a13a01335
public/images/ballet-la-crosse.jpg,retained,403554,164122,1800,1200,1800,1200,,,ce2bdcc8f44ab6378d18fe890bca8d591680a04f049be106fac19e3099059bbd,080c8c34410ef92204518a9f30f24d889de17b58f875d5bad104fc6ce3f5cfe1
public/images/ballet-lessons-la-crosse.jpg,retained,403997,198017,1500,1167,1500,1167,,,2d68c279e4b39dfb5f3812f03ff603d04c8419597cf22c29e3ae6bd8b09440b0,2ed18410c8eb5401ac965f822425396c3f3e75d01b6bc11078c2a58a67d25c63
public/images/ballet-studios-la-crosse.jpg,retained,7338158,148651,5760,3840,1920,1280,,,c3f6f3200c0a224b251cc11309f3b1a7d945bc75e58321339e2e393f5b87d9dc,2491dc8ad5ff28a4402fbf439685e65c2dbc2a2e8b7dd18f90e1539134934f1e
public/images/Beginning-Technique.png,retained,19998,12092,1242,89,1242,89,,,54a3c5d33ecc227acd001b9cbf6c3b2fde21751feb47b5fb8c365f7cf1069601,ff998fb159ac5d4b956598cd7359a64b21b5d348b82db1b1763e45d3fd755a47
public/images/big-kids-pg.jpg,retained,920981,487238,1800,1400,1800,1400,,,151e9ce19bab5251de050fa1da2199b196a1b9b25b764a22a0046a9a5beb5cd7,10761776d52ca6e73da01706ea712f07b77e17548c997a44d45248a1627ae3e7
public/images/big-kids-promo.jpg,retained,528100,289894,1800,1400,1800,1400,,,40b52e4fd80ebb3a917428fa12b0eae829706da72b0fed54e8cf561915b2e258,4c2307c7f40a8f3b32b5b03ad558b34f9ec6169f5732d080545ff93902c8e6d3
public/images/big-kids.jpg,retained,593421,333357,1800,1400,1800,1400,,,dd0e1af2cae0b912f8162ddddcf2d78e30922fb04d74c9e0177a3d766ceb83b8,940114eb974e099c33a172ce83f1042423678214a15cfae44bc7d567e5d9f615
public/images/big1.jpg,archived-to-drive,3364387,86670,3752,3002,1920,1536,,public/images/big1.jpg.webp,8c97066d31ac13a068dd04c24f30b32ac4c692d7aba2540ae76d15abeba61601,fdf5a47f0a02a0bfae49947bf8606dfa0f8848ad4ed3526a4204098fc3cb5f61
public/images/big2.jpg,archived-to-drive,532951,200210,1200,1800,1200,1800,,public/images/big2.jpg.webp,4b3c1a6240faae3646f8000c6fe1fc331a07d1e357413861158951235c1ba1e0,803924c346ac5c4cc4f15624a938352c1112bdaa91ec91dc92f5b76a9c6d1ad3
public/images/big3.jpg,archived-to-drive,400213,99450,1800,1200,1800,1200,,public/images/big3.jpg.webp,77e17e45fd245413f0721312f673070e832a8d0b9243ac68042e57fc56ab5b7a,ba003636753abb3f448def13ab8e1847267c6ec768d44dfecfc361ac1bca99b5
public/images/birthday.png,retained,866489,718315,1084,484,1084,484,public/images/birthday.png.webp,,20a81a79f974744415fbed78faf05ff5c22b6221eb149f021a5ce974278f2771,f1e41cb0a862abdb56adafd4b9e38d6c02f14711513f777dfc4800877a113e63
public/images/BLC-big-kids.jpg,retained,313743,157063,1500,1167,1500,1167,,,927201189051eb06523caee5c26cc95aa2e2cf8fab10f43764035cbbcc75d776,59ccf8642fd40d4657a54965dabbb8fc6725881ff69b8dbd9b56b9c804633c97
public/images/BLC-littles.jpg,retained,313842,163021,1500,1167,1500,1167,,,6c73f077b377a06f90d24163285c51871075ce4632be6748e36a059c88da1cd3,3135178688a57fa08423bccfaaabd70609f00f9feabc0a63f8d338d1b599b415
public/images/BLC.jpg,retained,403997,198017,1500,1167,1500,1167,,,2d68c279e4b39dfb5f3812f03ff603d04c8419597cf22c29e3ae6bd8b09440b0,cce66110d698195226e76644fef681463c128db421759ba6ea61ae5a8def0ce8
public/images/boys.jpg,retained,632521,273787,2100,1650,1920,1509,,,3ef0d6bfdc34369747fb135f7c5fbaaab1dd3244f7d009cdccbbc4d275789086,de1aa7137612771be2fe87928a302a4324e27b0ea770f3255cf13f559ee39b72
public/images/bravo/1.jpg,retained,10701,9841,399,221,399,221,,,90a9a9b08b3ef9e310e758eaf27926471b2afe613ae6b22a84091dd3a957d133,0c6ad864b4e36fdf2d4649acc722651376473959efc398d9e8c69b43ae178ff9
public/images/bravo/10.jpg,retained,33567,10714,495,127,495,127,,,4b1e0db3a38ec2df292cc5f2570443005073efe2012d154352daf546dd10cd21,53105501a681d25e919ed241d9457cbe6a54e71eef1e980562559801bd2f72b0
public/images/bravo/11.jpg,retained,26075,13852,416,195,416,195,,,25217118e9b8e2f6f2d9ed187d7a7dde62199d6358d313a570c1c9f0f891f0e7,16d4246c8016bf208012ae945ad0dd8728c591bab2dcd06049a1a1b9c3fa4604
public/images/bravo/12.jpg,retained,248896,79786,1894,720,1894,720,,,1bdfef5adf2565b112250d11eb9a8fd759c86668a8e775587ddbd63b23fae4dc,c1dbf5799d2ed89ed447d049d23b8d19a310ff68be22ccb33b1bb050d9065502
public/images/bravo/13.jpg,retained,100586,17860,1200,600,1200,600,,,88d4bc21016c61d59a240de710a7a116917cbc42afe92453f37c2a88c4e74bb5,e082b240abf2ee8026b17036968537055f562f149b0d27b0c4bc97d90ae6e691
public/images/bravo/14.png,retained,187319,176862,768,237,768,237,public/images/bravo/14.png.webp,,a97004851ef18f6d22abb1fe350d9b1651ced8407149e077a0351487e0834fda,7ae2823a0c2eaa6b100c6b5b8842c7f2217df4069c8776741ce6a206e4bf8453
public/images/bravo/15.jpg,retained,11264,11244,350,195,350,195,,,f6516635a45c025688bdb50c0e9f97506e9941cc6880a59651808710f67605df,ee1068a2d5ce75b3b0fcb497d405df80b8cab3285dca27cb3b684c622387247d
public/images/bravo/16.jpg,retained,94686,54806,693,378,693,378,,,88c3692d98d44366c7b37c0e0b3aee863a64b527ce995e565de2f864482fe5f8,92ebafaf230eb4a118a6a05ad99c814e68c23826d6606a90a46ba23ce69edf65
public/images/bravo/17.png,retained,419942,417363,1201,404,1201,404,public/images/bravo/17.png.webp,,5f6a373aa39b704b94cdf18a6bfcb7a8712e3b8910007e44cf6f252f421ac1b5,2534cc91cc47a558359160d7fe68f9997bea11ffe2f625008591bde68d61f84e
public/images/bravo/18.png,retained,246601,246601,4000,943,4000,943,public/images/bravo/18.png.webp,,7a4a7c000ceea2bec08ea1155412e645f976d8494e224b32f865b635c9517d9e,7a4a7c000ceea2bec08ea1155412e645f976d8494e224b32f865b635c9517d9e
public/images/bravo/19.png,retained,44359,41046,1500,445,1500,445,,,8225867342434965c93708d275303754f56b28b0a248b1aca8fce88fc35296d8,77eecd675c18f7ac51ff89021e71da1e1eddbd8eb545a0365eae7f368464ddfe
public/images/bravo/2.png,retained,31378,31125,175,125,175,125,public/images/bravo/2.png.webp,,f6e047f143af429796567e3d702b9a627b05561f04d5540774e466e5121fcbdc,54c299bc496403d9bbe904137f3e7dd457474f258f9108ceb7f035da631e2f2d
public/images/bravo/20.png,retained,14529,14529,139,112,139,112,,,21d9625f924f9467f4cd2b3afc1cadc5233b3f2ee3a3e823f8b6533651204086,21d9625f924f9467f4cd2b3afc1cadc5233b3f2ee3a3e823f8b6533651204086
public/images/bravo/21.jpg,retained,10135,7770,166,123,166,123,,,557fcbf97437ea99c3e0eab618e6db6675fc0b3dc5ab852a2c81cb9ee2b7c806,e777ebc6decb2318b6fa2cb4dcb6dea5afdd48488f5a86e2978ce964fbf0177c
public/images/bravo/22.png,retained,13346,12572,400,75,400,75,,,ca71df2851a4474df252e9f7f39e6a1e53a43cc994fc7e7ac043f24bebc431ee,c3ac41d40a0b7f4bcc6e6debe707124f8c16fd41a2f79243dbb18c13fd306ee6
public/images/bravo/23.gif,retained,4825,4825,300,54,300,54,,,713d4fea1103fc4225f16a11c52279a8c5260e65a6394bfc500ce74436930ba6,713d4fea1103fc4225f16a11c52279a8c5260e65a6394bfc500ce74436930ba6
public/images/bravo/24.jpg,retained,15990,8139,300,217,300,217,,,3ad9d941c90e24c57c585f90f4d167cb1ac7f2c94bb835d15afdf445cbea6d27,52692f1a048ca4db91efa20ceb6766cbbfb36f96497062660851644bf5c017e5
public/images/bravo/25.png,retained,18333,17277,300,73,300,73,,,266a3a073ae7d823c76460a9c41ee87b6cae2b03dda764efad2ed66f58bc4243,66706a25726a94cc8010d49d4a0682372ec7e2266702270b172c1c61fe5724c7
public/images/bravo/26.jpg,retained,98064,40816,1163,600,1163,600,,,4fcf3141472562e7ec1e4f1ff337a6b7f0d5dea9f4b1d49c7be5a1b396835d6c,d8e185648f0dc3fd0f7be73809e5196f23aea833a049ebc9c492868afdcff879
public/images/bravo/27.png,retained,195700,191083,768,316,768,316,public/images/bravo/27.png.webp,,f8f0db21dc6a6c69fe71c2c6d581cff2932815fa6642a7f252765684ab5fa9d4,42f532ce5225989d0e57f5c80aed8f63a8be90af7d46de96d92398b4063aa4d1
public/images/bravo/28.png,retained,22865,22083,469,488,469,488,,,9aeea43df1f762041176ba18153ed64cda574605d057fc7d8d92a65ee6f4fcd9,f4e9a5080e538e61ad36e9888ad5e2a1f743310d0f3d12abccd1ed501870b6ff
public/images/bravo/29.png,retained,28862,10728,675,322,675,322,,,3b9974cbd1353c9f6587a7e238fc1c75c72254f095ea9a6880fb3afd85af8b5a,a017d185638b9cb0624b1c68831dd336c65fe32f851fce2a039325c26c37ed09
public/images/bravo/3.jpg,retained,21898,9096,488,87,488,87,,,aabde8f4780124174f69e8cc06186cade544c2e8d1a0968e3672d960e9408697,1a345e51b9e42b05d4a1ab0a8724eb0f0c0639472b47e246377f70d2c1dca51d
public/images/bravo/30.jpg,retained,1177209,68458,2412,903,1920,719,,,d0fcac3239c7cd774e0d4dc9c52701a9ebee6892f5625a15669deaba5744b7bc,e557065dc2758a21d2a947eedc4891351808aff0a88bafdca15455d47e09dbc3
public/images/bravo/31.png,retained,4287,4152,198,112,198,112,,,220a37b21578ddda6307d7c08feddb951dcd026b0a7a2286694a4f71df11b7c4,25aa172f34a433b98969125eeb9709a244b65f344f3b2d1aa3a316b2d0e63644
public/images/bravo/32.png,retained,17352,16485,576,300,576,300,,,e5804ab14852348b22b33d079d9fbad99cf61bc0df4f8704e523424b5cbc2b67,b719da81fb8c3b4596fd70b92b9e1aa822a3cff46bcabea22bfa7c98aaf07d3b
public/images/bravo/33.png,retained,13234,13071,319,92,319,92,,,3e576e1f0ef144e5ba8e215001be4da0f8ed0e6a6ebf9597a7031563499d3007,a4f80f6a52d281ba898e5b476b3118d629226b5a77178bb560deb031e104f493
public/images/bravo/34.png,retained,14971,13918,440,140,440,140,,,1a0d58b8db59c795d7b49698d0aef40c775fa3c4a4ce29b1aaa3f6b98ceb2be3,a1cb42221d843c63e6cf01d471fd3fdc3d288182ed5be1dbb420608beaeeebc4
public/images/bravo/35.jpg,retained,15059,10594,203,249,203,249,,,e2132d798f2543e7ff8212397dcb17dff913069e9b89afa05b1ca29b1b2baa4d,6e4c1d81c40dff33f4c907e59cfebfc6d1004cfff4653b0ac33e90f4dcc75d8e
public/images/bravo/36.jpg,retained,12961,9601,539,72,539,72,,,097730ff6e675edf4aeb92610277e7c59dbf83e0df2e629383cd76862c772c2f,3659f46542bf5732f845b1e86f17707295b7cc92ae8127a90a446e7c077d64cd
public/images/bravo/37.jpg,retained,633209,138764,4512,1175,1920,500,,,accbe78cc303c82308927389d603d396670305f085786e8d614191815e8c9a7d,15c65379eb6b3fe9edff8c75c6cc30d50a170e3ef7e14eea9d19e039145f3618
public/images/bravo/38.jpg,retained,34149,21884,525,268,525,268,,,854b6008e9b50daeeb6658fcb7d5de7797d982144b72fd5799ddc523845a1803,1e1d6d94af870866172e9dce2b9949150bd0454dde0db0debd8b46fb38993da5
public/images/bravo/39.png,retained,35781,24578,298,158,298,158,,,3c8cf80179e4ae317faec44c2179db394cf1a3f791b944f9afee9dbb4a305a28,43c4bcc50a4ea8928d4181264211e842b6ed9d239d9fc0f2ccda962452ac99b5
public/images/bravo/4.jpg,retained,586468,81233,4200,3301,1920,1509,,,88bb2e1e83e9d4114b6b046a832e3286bbbf96b1e679b235d62e190908b9a8e1,f5080a01e3e9e1c42a4a17f106917238aafecfcdca2728129f374ab962234d58
public/images/bravo/40.jpg,retained,615774,31137,1508,327,1508,327,,,1dd1c5f4538df99b948e86c93d5e6d514db971c8b00b5375f63bf9fadaa926b5,7fe3f3f550c72a590842745acd9ab2c634b65809b63cd7c7e705462a3b29de60
public/images/bravo/41.jpg,retained,313344,75689,1380,690,1380,690,,,99fe0a67a286fa95a969bc5f03bc5fed5e3176100d701437d8973afa11bd021d,9972de683676b755e572799398c2ff632092c611b08031b34338a814ee5bba6c
public/images/bravo/42.png,retained,353460,352682,1158,670,1158,670,public/images/bravo/42.png.webp,,16ebea5e57836870435a54c9557636ba877a396b2d37c2b28d22deab848a06f2,9a4442cfd154b18b91e29923045b8a87df16a6d5e143d33b881369da9070a6df
public/images/bravo/43.jpg,retained,351409,112812,1271,623,1271,623,,,5d6ab8a06f49618fd1262ca28111e77f9622db241fccbabe04f4b13f45830710,ad99effd77cd6ccd9fc98bd2aa95eca78eeb931c18ee37916c4f9d5691bafe32
public/images/bravo/44.png,retained,9202,8996,360,223,360,223,,,b425af51e919527e7099b24c8e3ba0ee1d94942f0aff9a57e05bdb49c61992ff,df62ec87780fa6be536fca04153895dbee70a3c84ecae607fa80406fae4d2a61
public/images/bravo/45.png,retained,42443,41921,700,300,700,300,public/images/bravo/45.png.webp,,b5ba9b2797680f99c9b8ea94ff674d51f89b078147825c3f30e414e0e2fdda5a,cf6878e900b88341f806f3d9234acc5d0f0de3eba27e02e0b3ab94a9780ce585
public/images/bravo/46.png,retained,2175,2175,198,25,198,25,,,969ad655897c487562d76971ba2a603afb08875b48f2b53ba8988bdb86fff847,969ad655897c487562d76971ba2a603afb08875b48f2b53ba8988bdb86fff847
public/images/bravo/47.jpg,retained,77813,51897,1851,629,1851,629,,,e202e75c81e2c7d51fdceea36c3b6571bd6c57f2a868f29fadb7b206c6f343d8,484d5537b11bd6208ae131f6802098c2c4ce3d1b6474674af732adba21158f29
public/images/bravo/48.png,retained,49624,49155,600,239,600,239,public/images/bravo/48.png.webp,,7aa04e353493e413ca0a3f95e5104926a257560f66b431f27c4a92aaa3acd6d5,fd33c9dd18d29495efe871e20f91d7c3eb57449b7b5bcffa51a2e48997df9db6
public/images/bravo/49.jpg,retained,53869,14912,300,232,300,232,,,214d3000c86fa0addc4c04b9973cfac60869eb62cd878a038ee2d1c0f1d434c6,020595a50f9a01e0750f5733bd5847220c67a34316d9ba2004684628f4844147
public/images/bravo/5.png,retained,31156,30576,560,190,560,190,public/images/bravo/5.png.webp,,3cb0a1dff7da01f2da61c31d083d15ddc80595aa06217f40d2aa04ebd5db2f79,ee7d51391af7989abcdd8b0958498f629f75562714a14ced3405ce34293092e8
public/images/bravo/50.jpg,retained,8202,6212,150,150,150,150,,,4148efaf7dba959ee45b9b3213e354a42a2663e00e51f81ab89ccf292efd2817,e27c599a2b513aa65eedd4fa72c6f74e7d6b9264cb82b20dc38115b260877937
public/images/bravo/51.jpg,retained,58599,52811,768,593,768,593,,,c4a144918a0e993aa03a2bb81eaea2c4514ad01ef53da9af8aa5fa7fa4f46a0e,8107b8e0f1cac65b97efc1f55d6e0bf8f31c226c640e7ff22b1e9a8feb1afb16
public/images/bravo/52.svg,retained,29392,29392,,,,,,,ab2100a3ba558080b401897f07697ceb41e33823993d5db502d04ee7de0bce40,ab2100a3ba558080b401897f07697ceb41e33823993d5db502d04ee7de0bce40
public/images/bravo/6.png,retained,35036,33281,900,477,900,477,public/images/bravo/6.png.webp,,84d02577249d41440715858f9d79e3659cfe9afdb35ccb574f434419264a3b0c,082fc934cc39982b491bf00b57a07438ffba7a57fa7a74de0f679c89cd71b920
public/images/bravo/7.png,retained,4189,4121,318,114,318,114,,,68b5b21bb266bba9dbafafbe541fcdb7310bd41c383278968dc2c783ab867c9d,99a26fac2d56ecb2930bb9b6381b9c74ee97f8fdc2bec8edc641d20c893e8925
public/images/bravo/8.png,retained,33598,32803,227,114,227,114,public/images/bravo/8.png.webp,,a9330dbd810d5fcd9cfd5260654a476760dadb59073811f90d93e39c1142f421,941a8d85ca52e998f8d97eb454e514a806ef784a4c321a6ac5bddc58f153cc43
public/images/bravo/9.jpg,retained,8247,7419,277,182,277,182,,,7e5994eed0f1d46d8a12390e2627b52ec39c327604fcbd8e4645bc449385ddf3,75c0d5271452f65d8dd43dd00fe152857e6eef6c60d3d72999de6dd63882dfa8
public/images/bravo/purple-thumb.png,retained,895400,390476,5379,1083,1920,387,public/images/bravo/purple-thumb.png.webp,,781e0143a6b3059a03240584493b16c978f1a5090ae0b136e7e5ac861f6ea429,2bc56a8c451ab13a5b6650f0b96319f69ba8c4baf1ffdd0e38b37dd50606738b
public/images/bravo/thirty-one.jpg,retained,731084,71107,1575,808,1575,808,,,12fefeb14ccbd5268b2e598162dd6d25744f2da74615a263ee2c4c643d311b24,fdea34256e753ba5eb14b260daba5832d9d38f24a6a281f3abf4269e52979a63
public/images/break-the-floor.jpg,retained,286221,137433,1101,1101,1101,1101,,,ab13e6e7e50e030215b53c336a0e6185fb87142c678972da2dc76dd8e32def8a,bb8da8f121f1f693f6b6b8d91ad71818c3232ecfa5eeb514d25517f58ae85108
public/images/BUILDING-Technique.png,retained,17559,10560,1156,89,1156,89,,,50db8e7748da05ce091f17cbff8ebdc416269b2b3300d80c0ba2445f99f74d69,3dea0f28e3ee043c3ee0d1dff4c951de80c4ba400882efd19af375c65aa565fa
public/images/BW_1.png,retained,451221,436953,1469,1947,1469,1947,,,b2c536c6ae02ede073a1647ea44a06f57271ab75f4e87d968ef34d95fe032f2f,3d9bbeba185e125768ae1cd9c6e104050c795d300464c08d4ec68226d3a19f6b
public/images/BW_10.png,retained,484229,465209,978,2342,978,2342,,,27252e62f22ef792780dcb79e0330ee9b9b47179cf5720167ba364f27de4d940,a8606158f658d23ca07fc4abebd178901ce44f6c5928dd30820becbf9d6e1e0f
public/images/BW_2.png,retained,481223,481223,1447,2449,1447,2449,,,8203144765427bc76a77eed9fae9c50399c5b51e037bede1c5bc785ed1f2215f,8203144765427bc76a77eed9fae9c50399c5b51e037bede1c5bc785ed1f2215f
public/images/BW_3.png,retained,299803,289326,1662,1774,1662,1774,,,bcce8a72b10c6a86ba574bd7ffef8723b8e338ae63e2ce83bda5bd0dde90749c,18e7df8f8b9f69b2704b712fe33e70deba5d5a2c03e39b8fa9f52e955f374e71
public/images/BW_4.png,retained,367303,356598,1851,1900,1851,1900,,,ba6d1195e58946c6919fe8e458aeaf99cc8802ab31343e746c7ee1f153980dbe,7b1831e2d5893c6e52ae76c352fc94ac42b25d6b0c32cf2864ed373418d9f86f
public/images/BW_5.png,retained,422428,411533,1375,2299,1375,2299,,,cde3acfe7da37d7dcd26e3fd50a4cb97667a4509015c3f8079b917ff82026f44,c7825290279d5934b650ed391334549b667c98d997fb7fc77e9fc14f38501202
public/images/BW_6.png,retained,522026,522026,1331,2557,1331,2557,,,a8ae37c2ffec290d7e5a9044ca0fbdab475bcaab1e1a35f1144f18dec97dadbf,a8ae37c2ffec290d7e5a9044ca0fbdab475bcaab1e1a35f1144f18dec97dadbf
public/images/BW_7.png,retained,512079,512079,1205,2455,1205,2455,,,71db5964420b4bdc9bf5382a3a91768e474eb9b2b5a7206336149185dcfafeda,71db5964420b4bdc9bf5382a3a91768e474eb9b2b5a7206336149185dcfafeda
public/images/BW_8.png,retained,308729,308729,1991,1974,1991,1974,,,524da03e6ed09aeb5baef9ae9951483c71c6ffb408e41eaac7690ec1db43ebfa,524da03e6ed09aeb5baef9ae9951483c71c6ffb408e41eaac7690ec1db43ebfa
public/images/BW_9.png,retained,508631,508631,1508,2411,1508,2411,,,6863007b92d08f95fe67bb325112e3f1c495d9c4b05193f7e16df70d0f1e06c6,6863007b92d08f95fe67bb325112e3f1c495d9c4b05193f7e16df70d0f1e06c6
public/images/childrens-summer-dance-classes-la-crosse-1.jpg,archived-to-drive,1158386,238970,1275,1650,1275,1650,,public/images/childrens-summer-dance-classes-la-crosse-1.jpg.webp,982a7231bb6675681fbcee59a1cdebca560655b9a29bb4919e8c106bbdc87654,f9d9434d7737cbd1de1a6069c902be211560b6ba104eddefba3bb7a54425c78b
public/images/childrens-summer-dance-classes-la-crosse-2.jpg,archived-to-drive,1098099,235190,1275,1650,1275,1650,,public/images/childrens-summer-dance-classes-la-crosse-2.jpg.webp,d00887092a7f84d34c893c89cea6312d523c4b3a95a4d30301303de9176cfb84,2a39a001cb6547747c8a12a73b6ed91285b4b6dcbd061990d98ffd01ed2a69e8
public/images/childrens-summer-dance-classes-la-crosse-3.jpg,archived-to-drive,1299851,273144,1275,1650,1275,1650,,public/images/childrens-summer-dance-classes-la-crosse-3.jpg.webp,03dd73b3931aa1352a02de4030777128198e16b36c6ebeafc12e9b79db0f50d2,71ad985c2b7cc2b3965b167047f6786eb228790f44f6450bd68173b0af226f8f
public/images/cinderella-auditions-25.jpg,archived-to-drive,1281315,130526,3000,1688,1920,1080,,public/images/cinderella-auditions-25.jpg.webp,7e1017d25d1e6a74994de6332bc988a15ea0fcc3b233716d9e0741866e44a4c7,bbf833867d3f5799874c7e78f4b0791efd39fa10bd413fadd7c13b2b4574bfe0
public/images/class-img/1gradetab.jpg,archived-to-drive,7752634,143012,5760,3840,1920,1280,,public/images/class-img/1gradetab.jpg.webp,ebae6c6f394adb79e5f19eb40391461be1069f49809ee2db95ac0195689044a4,62e6e6dbbe0345e6291bf932fdd1f769f00c6660670401d223ebe45d3653fa79
public/images/class-img/2gradetab.jpg,archived-to-drive,4605316,90382,4521,3774,1920,1603,,public/images/class-img/2gradetab.jpg.webp,049b3c6fa7abf1281f44a0ded4bb46caf5697019ff45f405e2a1b4fcf8ff083c,296d412860c334e139e5f3987c66ae58a7603991493417bce935aa11e480d09c
public/images/class-img/4yrtab.jpg,archived-to-drive,314114,86584,1200,800,1200,800,,public/images/class-img/4yrtab.jpg.webp,d3d3aadd61dad7f44809fb36a35f79d9ba1c4d86616cf5ee981f30bfcc820bfd,ded43df7d0078248801ead42971c7d0578f66111730586a4f0dd88df74e5b3b5
public/images/class-img/big1.jpg,archived-to-drive,3364387,86670,3752,3002,1920,1536,,public/images/class-img/big1.jpg.webp,8c97066d31ac13a068dd04c24f30b32ac4c692d7aba2540ae76d15abeba61601,fdf5a47f0a02a0bfae49947bf8606dfa0f8848ad4ed3526a4204098fc3cb5f61
public/images/class-img/big2.jpg,archived-to-drive,532951,200210,1200,1800,1200,1800,,public/images/class-img/big2.jpg.webp,4b3c1a6240faae3646f8000c6fe1fc331a07d1e357413861158951235c1ba1e0,803924c346ac5c4cc4f15624a938352c1112bdaa91ec91dc92f5b76a9c6d1ad3
public/images/class-img/big3.jpg,archived-to-drive,400213,99450,1800,1200,1800,1200,,public/images/class-img/big3.jpg.webp,77e17e45fd245413f0721312f673070e832a8d0b9243ac68042e57fc56ab5b7a,ba003636753abb3f448def13ab8e1847267c6ec768d44dfecfc361ac1bca99b5
public/images/class-img/guystab.jpg,archived-to-drive,814328,69714,1800,1200,1800,1200,,public/images/class-img/guystab.jpg.webp,fd1e661b0ff8e75185e81f51284255c5985b0df047e1d965f5bab5f00923154b,7296a756a5adc8b993bc3384f1cb5671259a0eea8382a02da5882820cbe998e9
public/images/class-img/level2tab.jpg,archived-to-drive,929748,97682,1800,1200,1800,1200,,public/images/class-img/level2tab.jpg.webp,a6f0dcc5a45006354e9e1572187d4d42af21781511d6a1ddc97c98fcf3304a00,721161a7d8e41ae6b7c31fc212aca74414b33e7e03430da31fb97e31004105b6
public/images/class-img/level3tab.jpg,archived-to-drive,1147702,135078,1800,1200,1800,1200,,public/images/class-img/level3tab.jpg.webp,9f7decaaf785df25f2c048195034676d7de7e4689d353f315a152bdebcbf9bed,357dd7906822114b8ac844f65b5475ded855b820819ce76828a32f0ae4915ef6
public/images/class-img/level5tab.jpg,archived-to-drive,7338158,80922,5760,3840,1920,1280,,public/images/class-img/level5tab.jpg.webp,c3f6f3200c0a224b251cc11309f3b1a7d945bc75e58321339e2e393f5b87d9dc,0144a3ff14dbc1db308ffd27b727f177e2fb179dd6d39b8d66c2786434e8606e
public/images/class-img/little1.jpg,archived-to-drive,245596,66922,1200,683,1200,683,,public/images/class-img/little1.jpg.webp,ce7ee9e9c1462310aa731fc90dc94d715d2794d4f53a355555e3870794f0feef,ab93c16c0f0a18145604fee90b9aae93fde38e57e4b477bc982f61401629ecdd
public/images/class-img/little2.jpg,archived-to-drive,2178325,141770,2696,1797,1920,1280,,public/images/class-img/little2.jpg.webp,15d55dca0658bcc5b0fd4239f66544ec2a2cd6edc3974dd4fda3e5a14a638299,571a7752f639e4733f314dc7d98f6981e4eb3f1a09f101601e1a99e579d73875
public/images/class-img/little3.jpg,archived-to-drive,560976,217032,1800,1200,1800,1200,,public/images/class-img/little3.jpg.webp,65489d983a5138a005d1e7991f4314f64c7b1ef9ee698206cffdf7ad1f7d003f,431e8f50dc2ba102ad145fb97834a1d9630cdedb3d35ae61586175b22900d1c6
public/images/class-img/ministrytab.jpg,archived-to-drive,993247,107730,1800,1200,1800,1200,,public/images/class-img/ministrytab.jpg.webp,ceccd5f4e86c0681339eed67fcd428bde26c37a1784472050c7c1f3f9aa371fb,57d2d2514291346cbb3be7bfbae406a4754bcd0fe55b96f0cbd622e41b660a69
public/images/classes/performing-groups-info.jpg,retained,1666646,515371,2550,3300,1855,2400,,,2c752127c76763650b8cb9856aeee2ca0dae50061eb0c235f02d9fd9f449dccf,dcc3e00908cc54c6b1f025364a49b3e387e59e98be4882125c414eac1ad2dc86
public/images/classes/performing-groups.jpg,retained,1621762,552077,2550,3300,1855,2400,,,ba77088a0015cb4050f45789211da2647409f1ed629beea95a0efa500a3ab505,b6d41e7bf79f7746475e7224e721a514107712057616880b746e2c0f28b1b18f
public/images/com-1.png,retained,22678,19952,1078,535,1078,535,,,2d464dfda06d3ff9f6fce356b2930ece0b49f8471f324b662f28a99a99626cea,a80613192cb561d4e9181d384bee2d7a41e86c47f2d4ab8b93707003aa6a1975
public/images/com-10.jpg,retained,65491,30437,762,438,762,438,,,a791ca347c1f27268899b825fbb4dc95d31e2da5ffe04936b79d1cd65b5dec52,b217b1b2b1adbc2c8f32a7af0433dd2037a75369cb97c5024c9afb4415574d15
public/images/com-11.jpg,retained,11762,11762,300,196,300,196,,,48041e63ebf013b34ce704c21018fa260832c6b7c78a0019a3dc19b2657a85ca,48041e63ebf013b34ce704c21018fa260832c6b7c78a0019a3dc19b2657a85ca
public/images/com-12.jpg,retained,96460,56321,619,560,619,560,,,4c73fbcaf38b61554db838f5a18c459f83d575f114618e4cf8bfea2c9c8abe97,a6bae2e592632077fdd593fae91cd49e806bb17acc646ef0b2e654f7e304c3eb
public/images/com-13.jpg,retained,40775,40210,287,161,287,161,public/images/com-13.jpg.webp,,a2860d68b3d7e1bbf6b2f4d37cd94891486baa5c9381684b5c60bdb987fd7b93,5acd414c0e2461a2c2b15de2886b751dc0ffdac0b2afb794b6e002e648509a42
public/images/com-14.gif,retained,29570,29570,1500,1041,1500,1041,,,72c918ec8f2362cc9fb020171f5c03ed2ddc2c269f4c7c6e3057c0a6cb3a61c9,72c918ec8f2362cc9fb020171f5c03ed2ddc2c269f4c7c6e3057c0a6cb3a61c9
public/images/com-2.png,retained,5973,4986,213,82,213,82,,,197e4989f746e39ea3445ca7d8b27b21c53791cc3cfa8d0bcc57c996fd32b884,03d57430c87fb4a3ba6354ede871a3d402a5e83e817ff242e27fd503da42d588
public/images/com-3.png,retained,14830,14181,320,132,320,132,,,c8ed2267f5ed27c64e0041f89cc813c95d0288412ed02b3fffe42e606b150df0,3697d83c4c72742a66753813ca7f4b07c20038604b6e78c453d8b6d4884da15d
public/images/com-4.png,retained,2990,2813,276,62,276,62,,,0590811df8e15a11d353bd12ad738a996c0899f5420f650ada5c252086df2288,70767d429de55984a0a34caff662ac4c6ca886af17a91baedf0c92f3cd78d131
public/images/com-5.png,retained,44401,44401,567,567,567,567,public/images/com-5.png.webp,,377aa5e7b11b5521f8a067fc6abf7787cb1fc20590bdbb7417616a3795279ab6,377aa5e7b11b5521f8a067fc6abf7787cb1fc20590bdbb7417616a3795279ab6
public/images/com-6.png,retained,14984,14984,300,69,300,69,,,71d3e7da655617085c068620ce475d1c2a0c71e7de7b97b08e1e8bc73a048a2a,71d3e7da655617085c068620ce475d1c2a0c71e7de7b97b08e1e8bc73a048a2a
public/images/com-7.png,retained,37124,35922,1170,250,1170,250,public/images/com-7.png.webp,,3e5d741c9698d7c6cd3ef2398c5bcab57b45a58baea5cfe24758ec596fa8b2eb,3656d62b8c58e7e632cbd418ba295b34dbc02616cbe73c52b83716f9b970799d
public/images/com-8.png,retained,26820,25974,376,535,376,535,,,31da69d9d211ce8cf1d50ba07c3d06e79b340e275d16bd49ca2cafb11a1c8c9a,a37ec62d7b30726582e26649d44c70b67e1444e4f416b874138195741030f4a0
public/images/com-9.jpg,retained,27091,27091,395,395,395,395,,,c5486d4ff9d2bc1c58e1487ec02d2bf272bae8e1d4d3199b9887a06196ae6a96,c5486d4ff9d2bc1c58e1487ec02d2bf272bae8e1d4d3199b9887a06196ae6a96
public/images/costume/1.png,retained,234840,222034,600,800,600,800,public/images/costume/1.png.webp,,ff30f3fe760aa6ddee73e2582f425b70fe3fb3cbd014c22c517620d4d19bf237,539f0579c05f077ec1164488a50e2404a65f17fdc51e8fc7fbe75f2371631811
public/images/costume/10.png,retained,210233,202862,600,800,600,800,public/images/costume/10.png.webp,,19c2c5294c1db4a75110b8c8a385ea081307d40c379342fc20e7bd56c26a6950,573a409f303c445a4795c1cfa89c78a0b2015b1d8181a18d165d69c729bfaf57
public/images/costume/11.png,retained,488160,474061,600,800,600,800,public/images/costume/11.png.webp,,8cc789812ecef53f7503f254a448c5733a82a5e32a9e7fc09c696785eead1c3b,78d21be8c09cf44edaa69a97fb7b73aae9af0eae613042b5247e4cb97c169a5a
public/images/costume/12.png,retained,223813,215394,600,800,600,800,public/images/costume/12.png.webp,,5b18d1342dd84bb9bc505781ffc0db16d75b594baeb362232b828210962f2f7f,356ca33d9e0de657e26ffb62a6e9c3af13248c4ebc1f4c6317a5d1ccf967abdc
public/images/costume/13.png,retained,354133,343265,600,800,600,800,public/images/costume/13.png.webp,,64f2a357c2ab20e3913d52ab4b6d1b0f120e76d9bbfb848b4a1d6a18a5697b1e,6c846de8c6ad7c35c4d12760789fc5f5047b513822e3d055ffb262cf72cb29a3
public/images/costume/14.png,retained,362823,349837,600,800,600,800,public/images/costume/14.png.webp,,a7cfef0ada1d1fb668ebd6171e6b779acd52839ea8b0117ee1a35a6b47f1ad4e,b845224c7503d9e600db2e6edd09f74eacd0f570d93e7872076b3c2e9e88bad3
public/images/costume/15.png,retained,630754,609472,600,800,600,800,public/images/costume/15.png.webp,,77cd66eea438f8899a681f9507118cc0dd3db0e4261b3d24541d636b47cf6157,25f915e441984cdcbbe6d64104d7cc636f8ffea7723a9e70d2b5c4867fc4a5e6
public/images/costume/16.png,retained,167031,161623,600,800,600,800,public/images/costume/16.png.webp,,125c2f98f9117365c252d429a78a58b89fa4ba1b9ff2c794ff39900cec3bc968,a99562272b9d4601d7e2753bb5ef40171607ac6953087568d8b34624c4a71bf6
public/images/costume/17.png,retained,246262,235039,600,800,600,800,public/images/costume/17.png.webp,,048c587e02fdc92b54d0d5485e5ae050de0ffe6c4c8d97326bfcd12c4e4db7e6,78c93c58567af9e7e1151c08f1fa904cc99790fe33e6b6e9c1a381d9d20dda43
public/images/costume/18.png,retained,342192,324391,600,800,600,800,public/images/costume/18.png.webp,,fa47bd8c029ba7dabb593991eb39272550498aa3417fbb3ed05955712c903e64,23b3833d9d417fcec5fbfcadcd6c59870cb8509225bfa68f90f6687fbb38f33c
public/images/costume/19.png,retained,416048,401228,600,800,600,800,public/images/costume/19.png.webp,,662c9b0c485300d5fd3b5c2c6c0564dd9eabeee76123d23fdd038e9b69d3b3a1,c851f716c07506d9c523abc101d1ddd7c6b8e5a5974cf624e1f32220d4bea581
public/images/costume/2.png,retained,414938,398626,600,800,600,800,public/images/costume/2.png.webp,,03bc8a71078741b79d5d2312564a1c6692787ceeb7347ac599eca542635b99e1,1d6affd9ed5e6f620f9bdb5cde47b3ab00826f14d56a10a701a7f25103720fcc
public/images/costume/3.png,retained,329421,319495,600,800,600,800,public/images/costume/3.png.webp,,e3bd1b5bb9ee783a1e194d7f49322d279d3c9a4fee685de493387aa72272cc7a,86cc97cc8aabbd3442a9a361d9bff95060ff2237e0c5351996d1dfd387631c17
public/images/costume/4.png,retained,416336,404018,600,800,600,800,public/images/costume/4.png.webp,,3a85e672377e6a245982659300c58c11109e039e4ada20dae6ac1ab98f20c857,d5eaa055695fcb076eb5ee8ac5cab615ac2ddd570d919f080722508d99fc1257
public/images/costume/5.png,retained,333313,320894,600,800,600,800,public/images/costume/5.png.webp,,03d51886357cf9df377c7432c88e71af94ff3da7267c779c3292686dc7b224dd,239fbc25f49d4f3acf944f0e7a3b663b4417edbfb0682e1f652249a34fa4256a
public/images/costume/6.png,retained,685519,671668,600,800,600,800,public/images/costume/6.png.webp,,d7a96f12b67875f9b935a260c8d75a0224079a98dc72f408bae8545091d6b2f9,a3211b365dedbb52821c002e1963f4f30b2757ef4735510825a42d06141ca401
public/images/costume/7.png,retained,325208,315565,600,800,600,800,public/images/costume/7.png.webp,,86f876b33bf0f50f705f3355abf1d81ff5b87b859ffeee1c6db9645fabdb1b48,ae54f5ed3cc9845f36989f71cbd059f6fb9009c2f84bc2e8e3e72adc9ec01e14
public/images/costume/8.png,retained,220887,214008,600,800,600,800,public/images/costume/8.png.webp,,b226fa6822e5435027355230b7e55cf75afa0aba9dd6261688c19a5edcf6229d,3f50865a53eb30bc3f89434f7bc215e6130086495ffa2eb0db307e9ad795e0f5
public/images/costume/9.png,retained,301265,287493,600,800,600,800,public/images/costume/9.png.webp,,070512f8a8922d638d904b4b2e24b0a88418adeeaa0c57a9bf906c7f8bf0b9d8,d448eb5eeb3ed6261d79948cdce90c5da1d9eb3b260a46cf0a8f02474e816ffd
public/images/costume2/1.png,retained,250752,237196,600,800,600,800,public/images/costume2/1.png.webp,,529e4a367928c989a55dc8d352a7dee257be458118a2614cce0dc6c06197680e,1418a3c6da8dc2b7b31b5a9b7e70dd8e3f97c27bb17f24b071fa5de121efeb2e
public/images/costume2/10.png,retained,652978,629074,600,800,600,800,public/images/costume2/10.png.webp,,99b76497bffc49e8a992d2e45bdd203571f5db4e4fa18505df86dd452e1a6874,87f86ae1312ff83a4aaa9198407f2612ce995c8095934e69db9dd56d15be40f4
public/images/costume2/11.png,retained,285542,276303,600,800,600,800,public/images/costume2/11.png.webp,,1b09996ddc7ae803f5739248af164bcd5d5ae6b6c03ada0609d58a16a2537e60,54901d748715b069eabb83dd3fa7b71cfd6d2b5ccb902b2fba749bfb34f5dbec
public/images/costume2/12.png,retained,304075,295198,600,800,600,800,public/images/costume2/12.png.webp,,21fdcfb6c2f3fa195b093794b3aa38e02a8d181aede398bf86e87a65bd7a1ef0,1ec273d62b97ef6492c6f46f1720af554f867ab16c81c16685f228e96b7636f3
public/images/costume2/13.png,retained,144071,137270,600,800,600,800,public/images/costume2/13.png.webp,,0e81efb0b347c35c70e21c77c0b9df0ca9829dc917aab5137d6594fde34731bf,6ccbc95d04b07b4cf8019919ea511987a45b24017f6b41823aedfc5eb6ac6e6b
public/images/costume2/14.png,retained,340506,328555,600,800,600,800,public/images/costume2/14.png.webp,,5a49d676a57697355b51657a785fc1411fea06614b9ac30ac1d65c859fa24b09,33d40bfb4b3b539a00adbc30bf40b5e4cef40c3050e46398288dab664ef96fe9
public/images/costume2/15.png,retained,205176,197502,600,800,600,800,public/images/costume2/15.png.webp,,85fdd1b70a8368f75ff8a57ac8a2b5aeae3ebd4e3e1fade3ae32fb8a6de8ca07,fc2917f2c4847da412f8839576942d27b91ffb42d908f2aba048be3248809b9d
public/images/costume2/16.png,retained,345297,330631,600,800,600,800,public/images/costume2/16.png.webp,,1fc966927c42514d6a56f40b4d5a3c0c9c9116c9deb8d6267dbec900106d0aaa,4ebec79fbbe8358aa74ed6a58d048360421b0512fa83b672155e0dd46b64e983
public/images/costume2/17.png,retained,175506,168524,600,800,600,800,public/images/costume2/17.png.webp,,54a5dd1de827df9bfc219368f65f33ddd2ef4c603264422b6563a2bebd6838b8,d12e74a637007ab248b29485131e147cea79f2b4e2a10b9c12e6d106f75fe533
public/images/costume2/18.png,retained,221504,215311,600,800,600,800,public/images/costume2/18.png.webp,,05c26af18690ffc51180b57611dd1d450396811ed1b9cd8f35228f42cf5373e6,b274482235807992d52dc05ac8f975dd215c1da3889a296bf60da0add6ebe2f8
public/images/costume2/19.png,retained,213288,203782,600,800,600,800,public/images/costume2/19.png.webp,,81605e99be50cb610d3be878eb6b86b90f8609692aabe88ea96580367452e7a8,25443cf9541ad768c0df2f5252a3fc4ad5c8bfe705975d0bde2d134ed6cec58a
public/images/costume2/2.png,retained,249075,240187,600,800,600,800,public/images/costume2/2.png.webp,,77bf62ddcb0edd1da4ff1d90ad8bb0c44df13865933509d1d273a98045d1f58c,a5e77169723b353c5b0dcedb30c27d48fe32ff638f93708cd54db1bf9a0861d3
public/images/costume2/20.png,retained,209289,200418,600,800,600,800,public/images/costume2/20.png.webp,,cc8a759f753c944d85c25213fae230ce95327738264c0201ed0926a50ca561b2,31c37b326498bcb2ef5bd66ff3169fafc7740881f7dd56758e17cfa3816eebbe
public/images/costume2/3.png,retained,209191,201435,600,800,600,800,public/images/costume2/3.png.webp,,60e95c3f08ff1ba005775c325f7923bf188f25a0f099d8dd500d7f49f4ad97c8,3581c3c5a5d888243f4bfa8dfee10fed60b24274c9cfa618d42fb7b39250df1e
public/images/costume2/4.png,retained,176647,168463,600,800,600,800,public/images/costume2/4.png.webp,,52e7e0100670a0cf0028db1d0008499bdca42cf4d45446f3d7bb5fc547c9165e,7bdadab8e655323984b01362f89ed175d22b557502042e52bf6cb8dc8851b77d
public/images/costume2/5.png,retained,171896,167114,600,800,600,800,public/images/costume2/5.png.webp,,1e6763ad006b83781ad3121dc607342cd7b35033c03167ebd6343b058327d370,3a9a67d300b9998dba5523c6ab0f9fa2518a80d4a761d216f29bd2918fa3ebd7
public/images/costume2/6.png,retained,228300,219879,600,800,600,800,public/images/costume2/6.png.webp,,1235fc6436fbb473f217de7a1a10f527fb23731be45c822229cc2a79d67907ba,7b685a9cc7abc952614db713fe8b84bad6839b16b5a6f252ec284a8cb1fe84ac
public/images/costume2/7.png,retained,228273,218201,600,800,600,800,public/images/costume2/7.png.webp,,a9cd154dd5f741d4ee27a1d53da02fd806bd2dc0fbb71d3e554a3bb1002f5cfe,3e470181f3c0f2cc6524c6032fbc57854e25d856bdc9d9f349904bb4e1c1c38f
public/images/costume2/8.png,retained,176930,171187,600,800,600,800,public/images/costume2/8.png.webp,,980c0e93a8426731dceac0dcaa77f48c0cc5e9c0c5eaeabf803e4faa24f61002,aab1de83c7c6e4d36d3eda65c97bd9b8319f8ff5e911d083418cbb5e4885fc47
public/images/costume2/9.png,retained,258465,249456,600,800,600,800,public/images/costume2/9.png.webp,,0febd1e9c7e5eb3e91f4e9553518a45d620e58e67d23fd2d370b35fec9192f7a,a403d81380a306b981e597d1f0fbcae7e40d1600787a0d2324430a3637cb0228
public/images/costume3/1.png,retained,353408,335456,600,800,600,800,public/images/costume3/1.png.webp,,52d9149dbc092e4493c56b6a6c079a601468f98d983aa0f9695dc10f6154ed1b,ff65633c0fb0474541b8a9c55e266528215f4aecfabe82a197fd0553103e48dd
public/images/costume3/10.png,retained,270971,261302,600,800,600,800,public/images/costume3/10.png.webp,,24234f5c9999fdd95b8a6e054b49129a7e5cb0c21a77723ddab3e189d0de6f33,a3d5205b4c24cf6b8b84b3a83a0e2253943e57ea3d14211eb5de05c5334b49e7
public/images/costume3/11.png,retained,315869,299543,600,800,600,800,public/images/costume3/11.png.webp,,41a332d3d83a7c0a5b1ee926b36014f7e376034bd40cdc02d173037b90f4f74b,00e597d7e688033db22386761752e895516d4b2a3a2eabde94415e9e860f5abf
public/images/costume3/2.png,retained,251783,238921,600,800,600,800,public/images/costume3/2.png.webp,,f45f8e80b4f6464288666fcc7c7f94e644d058d4a563e6565759f38334b3e8e9,7f928495f3f21b29228e27d2a6c6d40410ee8fe17f2e44b805a17b9baf650e37
public/images/costume3/3.png,retained,346688,337996,600,800,600,800,public/images/costume3/3.png.webp,,43b08de447dbe1c4173b74ad80654bbf4f3170859834ef07bc8b9a0ab4076212,7f416b5ba00f36ddb546f951eabc663185f93dc353e12f67f9b078ff6e87421d
public/images/costume3/4.png,retained,245741,235635,600,800,600,800,public/images/costume3/4.png.webp,,69cc3dbf0db3a36e9bbd096cd1c531ac891a2e7d69d6dc294428fdc8450d7579,4918ebeddbd6c9f9e6c65e3eb25b81a11902acf73e92205f59f95b312725894d
public/images/costume3/5.png,retained,174809,168186,600,800,600,800,public/images/costume3/5.png.webp,,78c1235e4492eb3da7847ba754dace3784493796b8e19f0d0d527b27c32e25ad,c1f92f97c53d9c381fb9b0dafc6502cd192f08dd29c12dcb1f3c89928d52b0a8
public/images/costume3/6.png,retained,204213,196031,600,800,600,800,public/images/costume3/6.png.webp,,3358fda4e8b60c6a68f438320325265dd00da73817e3d73e6471d2d31c769087,b85edaadd8348ed295a60fd6b739100a0996ea1a56cbee1d8a0456573b9cffbb
public/images/costume3/7.png,retained,258332,244476,600,800,600,800,public/images/costume3/7.png.webp,,b30672ec8a6c738c2433e7e6d24746944755d780256902de64759792d398c752,77ecc81f5514c5caac40441c6b12869f6560306554a8b99da286fa5c47e79557
public/images/costume3/8.png,retained,223180,210186,600,800,600,800,public/images/costume3/8.png.webp,,8ff02f7afb68fbc8cb2612769dcfdedb7b2aa28c187fbfb8f7410e0ed8390f02,b64c21997de44ba7eaefa49a4bbd3c0d10f4abee3a00cf9d61906e808dcdc67e
public/images/costume3/9.png,retained,144459,139213,600,800,600,800,public/images/costume3/9.png.webp,,dbc5d8bc730fc147140650e49989c86e44ba87d0cfd68397a95a0296a77d01df,9157608490e5f62c876499cb7ecedcf4354b5e980990c08bf7ffa33b1f9b5d24
public/images/crew.png,archived-to-drive,31210,19580,459,228,459,228,,public/images/crew.png.webp,a7fa469fd793b4db869fbf711889f9193e3f558b7f19fcedd56fe2bc3e1ca37a,4a2d83092f324654c5a94a057b0faf1c1e65c71bedf387754196a0ccc3e3623c
public/images/dance-birthday-parties.png,retained,330025,318917,1080,1080,1080,1080,public/images/dance-birthday-parties.png.webp,,f4a0c79c22a4ac72d8f6dde181e5eb8b137bb64d4299bdb64591334bb7251c2e,7f1a29216f86d017ba1106ac4376d836028ba8915bd4258510526b27194faa86
public/images/dance-camp-la-crosse.jpg,retained,72510,72510,720,847,720,847,,,ec13005d8f2b3f03d408758de00b769605b2c7a3b6257f294974bd2362f743ff,ec13005d8f2b3f03d408758de00b769605b2c7a3b6257f294974bd2362f743ff
public/images/dance-camps-la-crosse-wi.jpg,retained,2757245,355147,2400,3000,1920,2400,,,ecde1a28fe8ba5ae615ad80a73f3523da753f1a1d1261b5a8620db580089f840,72f1b1a54b48fab721ec97a7fb088b85455f5a15de9e1ddb6688bb21bc14b4e9
public/images/dance-camps-la-crosse.jpg,retained,82522,81783,720,543,720,543,,,a5205e2850cf63f0f5dafdcbcbe23e89c9cbc2756fea617eaa1ef8a8f4d73522,7d6ea064d519c36ba0f65322c54a1cb690d5a47ecb7c7e69def5fe59b585659a
public/images/dance-classes-for-adults-in-la-crosse-wi.jpg,archived-to-drive,242990,69172,1000,778,1000,778,,public/images/dance-classes-for-adults-in-la-crosse-wi.jpg.webp,ecce938d72cbb484b78d8f23299d06e57bdf774ad8329388db2114e0d863c066,8a1ff2072990b438e3b60d1dfac24778fc5ccb5daa1e7bb1526fb17bdee8695c
public/images/dance-classes-for-boys-in-la-crosse-wi.jpg,archived-to-drive,240530,62100,1000,778,1000,778,,public/images/dance-classes-for-boys-in-la-crosse-wi.jpg.webp,0ef57bf40f9f9fa05062b6693c7326cc4cfbec615e6b7077ea64a383723d1017,5ba01ea77697db3b11342e8d1f400daf5ab77b181b4dd785af891b0ea33a7851
public/images/dance-classes-in-la-crosse-wi.jpg,retained,79853,79112,720,540,720,540,,,84a6aec2180b03e1f75e88271ef262edef86c21310c06577f874d61aaa09211e,ba0d55d4c1cb115313d8d87275fad4602ad6f121343bd5736869db8a7d7611ab
public/images/dance-classes-in-west-salem-wi.jpg,retained,172812,172812,1440,1440,1440,1440,,,6b86743a0de9ed55eb166178434968dda9a7305cc26105b8459685ea4d63b6fe,6b86743a0de9ed55eb166178434968dda9a7305cc26105b8459685ea4d63b6fe
public/images/dance-classes-la-crosse-wi.jpg,retained,555875,233965,3408,2272,1920,1280,,,5986e164b726099b57b12db3b0f8948ba78008850df2ccb95a2f0de328552121,0b36e270265793d0fcf4276ddbdb04377539378f48d3a010e18d3f71edb5fffe
public/images/dance-classes-la-crosse.jpg,retained,831736,158093,1800,1200,1800,1200,,,7054169ba7a5c234ecf23fac0836ae7d79633fb25739a502e16f89a9ecad8882,f23ad49bcb1650946a77b04e6c15ec63bd763698d6932e6b16823cdb2d1a3196
public/images/dance-la-crosse-banner.jpg,retained,403025,265096,2000,500,1920,480,,,eb0cd4fef16208b95a165f37b8ef1da8da02f5a473732c2d38351beeb2fdbf1d,ccc1c79c11616138cbfb0195a8ae0481c885d3b9427e1ff1b6ce179667168fbd
public/images/dance-lessons-in-la-crosse-wi.jpg,retained,160083,160083,1440,1440,1440,1440,,,0eaf022225a924ec370ca0cdeb7ed1936135b4d32373db5fac0d470c2ddf2806,0eaf022225a924ec370ca0cdeb7ed1936135b4d32373db5fac0d470c2ddf2806
public/images/dance-lessons-in-west-salem-wi.jpg,retained,154571,153442,1080,810,1080,810,,,8b86a70285c68bc16172238197ac5d26afed5ca304c0420950afb503005ceae9,76b97bcc11c38e20eaf4895969a123c591169fd72f746e5debae4ab7cfacc92f
public/images/dance-lessons-la-crosse-wi.jpg,retained,243069,124670,3000,2400,1920,1536,,,60ef4bef5339f2d268883b3a0cc93c9403c5f67e1edeb4cd46477f2e831a385e,a002766929fbc605de561dd6fe365c35cee1a5657a81ccf1f5c96438dc8b2032
public/images/dance-lessons-la-crosse.jpg,retained,856888,149634,1800,1200,1800,1200,,,9a0901cb54ee2e32a6e4334e49f2d5a46da9113f585c3920d9f85c22e692d2a8,8513068583aa75a2e018d50fcef9d7ac1b5ed453e6fdb8e2656983ed7a28b77d
public/images/dance-studio-la-crosse-wi.jpg,archived-to-drive,385049,132976,1000,729,1000,729,,public/images/dance-studio-la-crosse-wi.jpg.webp,78e766fff09f19fdbb239d2a18af35da6795ce934260d7ad82899eeeb7ebba21,50ebf0bf069c0932d9df4d570f897fbc2edf5ac33827141b7054774f44fd4889
public/images/dance-studios-in-la-crosse-wi.jpg,retained,144410,136173,916,566,916,566,,,e2c83371b77d9285326c6742bcc8c25927f0bcc6d29c6d060c264d98446ff9d5,3471cd7b0535e416475c5500631216a50592e5890395a1bc9306bc647dd76dae
public/images/dance-studios-in-west-salem-wi.jpg,retained,185171,185171,1440,1440,1440,1440,,,4f84cadf93044d215d36fcd3456519251c07f7a15c370bbfdb1ce62dfea43076,4f84cadf93044d215d36fcd3456519251c07f7a15c370bbfdb1ce62dfea43076
public/images/dance-studios-la-crosse-wi.jpg,archived-to-drive,151440,43128,1000,500,1000,500,,public/images/dance-studios-la-crosse-wi.jpg.webp,d520e773e7b0ed91de5a7c130d4fc2361fa20b188721248c3123d6856b0d9e89,8bdae9a90f4680f4adf2f238745912bab05e75bf1d5fa73ba505219595a69ce3
public/images/dance-studios-la-crosse.jpg,retained,1886228,188151,3000,2143,1920,1372,,,949b2791d635fcdf497588de9402440594a171e097bddcfdd37508647102257b,7c0f03fecdf668ba25f1b73fb630a722be977b08e8707e627ad7ae06f41c40f0
public/images/dance-summer-camp-la-crosse.jpg,retained,167039,167039,1440,1080,1440,1080,,,996c1bb867a9816513d6462871d9177a0f2fd363d59e972ba4f20664eb1e927f,996c1bb867a9816513d6462871d9177a0f2fd363d59e972ba4f20664eb1e927f
public/images/dance-team-la-crosse.jpg,retained,730116,331443,2100,1500,1920,1371,,,f80b88ea9caecb21ce3106019571eeabdc23975e685fb2fc5decbe8851369980,8c8bde8ca193c36878d0ae66ebb2297067323de36a0e89e71a391c82381b5dfa
public/images/DancinDinos.jpg,archived-to-drive,210,210,,,,,,public/images/DancinDinos.jpg,acde8aea46912cc6b25f11fd5184e66a5b202f9f08d2a17876e72a3976f4ab74,acde8aea46912cc6b25f11fd5184e66a5b202f9f08d2a17876e72a3976f4ab74
public/images/dancinkids.png,archived-to-drive,19274,8978,400,102,400,102,,public/images/dancinkids.png.webp,9057f71c4367aa10109d0349006f4941289e5d216c2370c238da199fcd34ce5b,dac6a1ebe171abf9f6854cec2e8ca7cf19105861b991a7a8880ca77881a1bfc9
public/images/darbys-1.jpg,retained,993247,175801,1800,1200,1800,1200,,,ceccd5f4e86c0681339eed67fcd428bde26c37a1784472050c7c1f3f9aa371fb,7d2aaa4a82cf54fc52a8fc5d7d2c9f2bc60d4dbcc9d752ca6790e51ba20bc48d
public/images/darbys-dancers-logo.jpeg,retained,17247,10853,477,266,477,266,,,b1308155dce763683189ac434aec1b41bb24ef47035a1e685d58b3c56404ad41,a3425d6e8af113b68e839ecd0b396ba1d6048ceab0b58550c92f0700251b87f1
public/images/discover-dance.jpg,retained,1229261,227400,1071,1500,1071,1500,,,050da17a8fa0cc124130b4b85d40eb017c545a927ea6166f8c3800e2f0f3bd39,35f593ea6a7b36429c8ca482694954e338d192552bb70037b3980e2079973f9d
public/images/Emily-BW.jpg,archived-to-drive,282767,85876,1200,1500,1200,1500,,public/images/Emily-BW.jpg.webp,8f67d5fc1e906620b5637f21fa35c1c0331689a4c7b13f474849082eb31f0b6d,3028d184222fec513c45590c1bbf9a8dbdce467100d92e63077dd9a007f9ad90
public/images/emmergencycommunication.png,retained,92128,92128,2004,764,2004,764,public/images/emmergencycommunication.png.webp,,978dae8be13242b0b48f1a04ea8f93780e709a0372e535ac5571ef09b2425c7c,978dae8be13242b0b48f1a04ea8f93780e709a0372e535ac5571ef09b2425c7c
public/images/everythingrecital.jpg,retained,94690,26799,728,280,728,280,,,a1e91df79aa6f46a335fd59a6b70dea79144f45b553ac87362ffd4197c244ae1,9612ca8efb0330fde099364134f4068f66bb564ef49da3f4638c3790d968662a
public/images/EverythingRecitalWebBanner.jpg,archived-to-drive,111739,23222,728,280,728,280,,public/images/EverythingRecitalWebBanner.jpg.webp,83869445a61110dd5458f45e55f643c20de29653d78ecb6c9cf18708a917ef15,d9953f57d897049cfcc7b62ed82db9b2d793473e4d24677903b455b575a34eed
public/images/Fairytale-Ballet.png,retained,23289,13983,1249,217,1249,217,,,9aee7a3ae4ef024e26f45f7a865038ef3165e963ad1248b5e5f42f4adb1fdfbf,b122cd825f8c9c4da4489f30d1df1f2e5fa053f478bc7a021abdb30fc7485bf3
public/images/fall-24-page-3-oct.png,archived-to-drive,1012681,327582,2000,1555,1920,1493,,public/images/fall-24-page-3-oct.png.webp,d73f719d6f013b98c8d33caa6ff3d1d0bef56319d2d151b0fbd716378e75bb84,d862bb78e7f188805e2cbe4b01b871e5431966aca3e5113a0479938b6a3227a9
public/images/fall-6-11-25-1.jpg,archived-to-drive,1303504,182700,1688,1313,1688,1313,,public/images/fall-6-11-25-1.jpg.webp,2e2f19b692a8749886dbc422f79780538b58e399d186ffc66fe1ff9ee3776b5c,45bf4913ed7d2d74d9873e27c879ffde78b7309213193a62f8cbcdbf94712418
public/images/fall-6-11-25-10.jpg,archived-to-drive,1146777,232220,1688,1313,1688,1313,,public/images/fall-6-11-25-10.jpg.webp,056f313b31eb7ed37eefbacfd61eb1b88f10ebc49c4eec606adf59b35ee0c6c4,b4e37bf16d46964aeb6f1e508348fa81ed1494e740b61fd26df9d9722fdf5d3c
public/images/fall-6-11-25-11.jpg,archived-to-drive,1149245,272666,1688,1313,1688,1313,,public/images/fall-6-11-25-11.jpg.webp,a1919d7f676f175fc71c7832836e2237928a43d0ae531c01503e1d7793cb16cf,4117d45b98c3dbeef8e32fc5782816a0d42a95e9d898383f878748cfce56ce64
public/images/fall-6-11-25-12.jpg,archived-to-drive,884819,160080,1688,1313,1688,1313,,public/images/fall-6-11-25-12.jpg.webp,f42ec76ac2bb7f386e4e172c20bb7e3b432a384b989cc046bcd52c7cbbfc4ea2,f3a0f25a00c56580b734341f3450b81ae8c56404d0817721609e02790e267a25
public/images/fall-6-11-25-2.jpg,archived-to-drive,1121992,274476,1688,1313,1688,1313,,public/images/fall-6-11-25-2.jpg.webp,5b208b7fbd142819e9433de9f73df82f4fee735c48219237868a998ccff97c63,c02587629b5ca2e26db6c76e83b731c0614fd5909e39e5ccb3a7f1eed6f090cf
public/images/fall-6-11-25-3.jpg,archived-to-drive,848290,163282,1688,1313,1688,1313,,public/images/fall-6-11-25-3.jpg.webp,e66577d541d5b98683d010a9b6cde21fb521e4415ae03e1707e8285b10cd3541,b79608eacb663ef5d30879b1dd444cd56d7b0491f52f4a6f4fae4117c73735b0
public/images/fall-6-11-25-4.jpg,archived-to-drive,898082,187778,1688,1313,1688,1313,,public/images/fall-6-11-25-4.jpg.webp,2d2c5e2fd1c4fa2ded14b8ab9d256b5c2443d5555ceb5e57cd7f9e72202b9e3a,2aabef4cca4b68f150702e3efe4d70c1ccba586e5ff3dde3cce46d99fb6cb0ec
public/images/fall-6-11-25-5.jpg,archived-to-drive,879341,179220,1688,1313,1688,1313,,public/images/fall-6-11-25-5.jpg.webp,7faeff8ed06e735fcc0afa74932332c2e67c5ca773b9c83567137e40bc0e933a,9c3a5f096e01a9dda2441b0a714b6e5663a89d3262c6563fcba8ae992df3f525
public/images/fall-6-11-25-6.jpg,archived-to-drive,868246,186398,1688,1313,1688,1313,,public/images/fall-6-11-25-6.jpg.webp,e348be00df065dbe2532ee949e15f6a6d1b73b8e6fe308c431cba1e3faeccc1b,cb0091bdcf0a676775f587524d3b49219b0b4915f072615fa8ec8abe9ceccd57
public/images/fall-6-11-25-7.jpg,archived-to-drive,1013765,224028,1688,1313,1688,1313,,public/images/fall-6-11-25-7.jpg.webp,888f2654cd937ae459627ebaa3ffb981180586ba644bf728a769e4a5a62e83cb,a2c20d2d348a7bafef9009fe3df4bf4ba71678e95a7182049ae1cad80536643f
public/images/fall-6-11-25-8.jpg,archived-to-drive,934231,183158,1688,1313,1688,1313,,public/images/fall-6-11-25-8.jpg.webp,855917900e9ac3b321d31043493037321544bc16f3bb7d449ce09a9805992da1,4d7daa4d69196f4772a26123a0bb7d3597d9f45005f3bd0aae062ea98a530c8c
public/images/fall-6-11-25-9.jpg,archived-to-drive,1139847,212530,1688,1313,1688,1313,,public/images/fall-6-11-25-9.jpg.webp,416b7b84b8f8f6d289afed6d87eaae30190dce581e42a0a9bae0277fa682a380,59704082a5dc998746cdfb02675fba73b074b86a2883ba2d5072441a0c606045
public/images/fall-8-22-25-1.jpg,archived-to-drive,1310311,171008,1688,1313,1688,1313,,public/images/fall-8-22-25-1.jpg.webp,db85b064686844e9ca7d66e418067132c28d154c0b3ace1c8669946aa6de35ea,c77763a069ece14e36dc6c30009d4934176634b72393f59c67eec1df08cef90b
public/images/fall-8-22-25-10.jpg,archived-to-drive,1131060,211106,1688,1313,1688,1313,,public/images/fall-8-22-25-10.jpg.webp,45e420c939712628d6b996fef263042124c47c37e091cf30c6e11916c6756ed3,6a4b9e1aceb8eeaec378fcddc42d7ae5743db65cdebefd6c1d58c92641ab66a9
public/images/fall-8-22-25-11.jpg,archived-to-drive,1144042,231978,1688,1313,1688,1313,,public/images/fall-8-22-25-11.jpg.webp,812db35e14d2db7757a937d69814d3911153197cd11e4b65a2c6180ff047ab78,775325b2bc99019b128ad50938781d46d924d8a1a75b72012a00a0987e855ce5
public/images/fall-8-22-25-12.jpg,archived-to-drive,1148558,272676,1688,1313,1688,1313,,public/images/fall-8-22-25-12.jpg.webp,9d381c5e674d9c506b936e23800b840ece4761c12cbf15bbba769ec9c92b5fcd,e2f7d4a12fe59e025cd6ef569f944c1bc8989eaec1e383b99abaf31b4dd71253
public/images/fall-8-22-25-13.jpg,archived-to-drive,883693,158932,1688,1313,1688,1313,,public/images/fall-8-22-25-13.jpg.webp,cc105774e8962d6e37a7de293ffaf8f3aa1a5caffcc28f7f2887351a03950636,9be46f0e7b09d3811b18b572b191a718cbe149fad192e8cbb2043a59e5216df6
public/images/fall-8-22-25-2.jpg,archived-to-drive,1016199,218714,1688,1313,1688,1313,,public/images/fall-8-22-25-2.jpg.webp,b491099706edbfaf7f4707e57de0c62aa042b0dd9b0668753dd8d5af303a1abd,1eec454a72ff1482f02c642a716cf2f4cf3db252021732b99383364b04df66fa
public/images/fall-8-22-25-3.jpg,archived-to-drive,1121044,274456,1688,1313,1688,1313,,public/images/fall-8-22-25-3.jpg.webp,1a16ec6297111fd29b9443e891e91ed50f9d32901ab0eaa62ca46d40f27a01b9,892d4cf8b747c67576f68016af57ffcc1789d61c77855bfed59b7849b1fe23e1
public/images/fall-8-22-25-4.jpg,archived-to-drive,859288,162800,1688,1313,1688,1313,,public/images/fall-8-22-25-4.jpg.webp,91572fe966ec269a6e127d8cde66954b1b996c96e573966f9bbc6ecf5a677a21,a3b08f05c78d29c2435d3bbf4988b9389f28dc9cbf01f63fa1147cd94b735ee3
public/images/fall-8-22-25-5.jpg,archived-to-drive,784347,165622,1688,1313,1688,1313,,public/images/fall-8-22-25-5.jpg.webp,98f8db90485eb9821816e1f60c27c5c071e88e6dcf93975623a060f430b95c9f,aa5e47aaec60ce96d93a4554a7b628fb93262a9533c6b27de4477fd9df2f4cc3
public/images/fall-8-22-25-6.jpg,archived-to-drive,904936,183090,1688,1313,1688,1313,,public/images/fall-8-22-25-6.jpg.webp,6fcbe3c0a8548d7bff565a7bde0cc44258109ce3e4e767be7620bb9424928b68,6be8fb179e72dd012e41e44ee5e7dd2ad4f65ad1bfdeb0773a017c2d5aa78be2
public/images/fall-8-22-25-7.jpg,archived-to-drive,992682,213438,1688,1313,1688,1313,,public/images/fall-8-22-25-7.jpg.webp,fa7bb16888073b0b8ef0575c3c12b4adb2385ac0711618037f7434abb0dc1774,a306732ade9b9474c4287129ed0b348025c87576677a6731051681063fb2657b
public/images/fall-8-22-25-8.jpg,archived-to-drive,1025817,222050,1688,1313,1688,1313,,public/images/fall-8-22-25-8.jpg.webp,a2ad6bbcce890d129dfcfa0f88900e8e9865c721d741d55c5c8310654477d84b,81040fa8d8dee81afa01cb28fcde86edc91a6598cdd3f4f84459c5d236782e0f
public/images/fall-8-22-25-9.jpg,archived-to-drive,934023,179538,1688,1313,1688,1313,,public/images/fall-8-22-25-9.jpg.webp,45bc749989ad0b1e6258a9c79ba2bff843aea62ca64aad4a22a0b1425a92ca65,0525faf671170a74b7b0d9101f3448bd7e20801d435a141768860c4deb96951b
public/images/fall-sched-24-oct-18-1.jpg,archived-to-drive,1052720,134762,1688,1313,1688,1313,,public/images/fall-sched-24-oct-18-1.jpg.webp,b0b4f76eb81eb12a0e7dcbbe99776beeebd0ebc4c0acd2829618bc41b126f243,b7d149683cded729d105328ad120e033d849683abe1bdd191faca458499cfe01
public/images/fall-sched-24-oct-18-10.jpg,archived-to-drive,987020,179278,1688,1313,1688,1313,,public/images/fall-sched-24-oct-18-10.jpg.webp,e883b525982659ed4e1fee4a74397ed8c0eb9ad482d9cace32f9da9f1bd4ffa8,93579f3a865cb00d0493836101a322f7b9d76f581b318d288cffe8e0d9b53f50
public/images/fall-sched-24-oct-18-11.jpg,archived-to-drive,1111583,238204,1688,1313,1688,1313,,public/images/fall-sched-24-oct-18-11.jpg.webp,20a3b06fee85ee684b8ed57fd3d6baa89ac3bb4a435505cf823823e8c3a7964c,366e2b8bd708981dc0d1d452583ba3751ac469425c3c42075a0f0bf6b8ec73dd
public/images/fall-sched-24-oct-18-12.jpg,archived-to-drive,1182272,282434,1688,1313,1688,1313,,public/images/fall-sched-24-oct-18-12.jpg.webp,3737e615b991ae1c14deb6b201145cb890a0b5d64a513e4ab3d6bbbe49a70789,89c979f83157387449daa3839ffd22275455d2bb2b539f5d42ecd99f87eca157
public/images/fall-sched-24-oct-18-13.jpg,archived-to-drive,902016,161892,1688,1313,1688,1313,,public/images/fall-sched-24-oct-18-13.jpg.webp,a20e6a5c9674225ef6a56d4bc268f219b01033769a1a631eae3d6a2e87dbb778,509884cac0aa1d0c770c023df33b38fbd151cee93fe1cdc3f92a4d6d73adc49a
public/images/fall-sched-24-oct-18-2.jpg,archived-to-drive,1077491,243900,1688,1313,1688,1313,,public/images/fall-sched-24-oct-18-2.jpg.webp,1f06eae8e0112c5b700a085d89da019e365fdc2ee444a6badb309524c00b2ded,00a30591d94d43acf9b12c7686421ebc638a15539515ebadf1a2ae32d109aa8e
public/images/fall-sched-24-oct-18-3.jpg,archived-to-drive,1138401,278206,1688,1313,1688,1313,,public/images/fall-sched-24-oct-18-3.jpg.webp,298bc6c39fa9442ef67513565a6080491796a804b390c4082591dc27c3be02ab,957ccd685a400ee4e9288512e1743d9a73642b8ea515f92b1ba27a8be361339f
public/images/fall-sched-24-oct-18-4.jpg,archived-to-drive,793251,138258,1688,1313,1688,1313,,public/images/fall-sched-24-oct-18-4.jpg.webp,eb1276b253bf904d17e38956642178d3b88fe2577dc09625ae3bcb8e05a849c9,dd5499e1c3e6af2356d84558f7aa80a2994de9dc3dafe67b81053902d2ca4151
public/images/fall-sched-24-oct-18-5.jpg,archived-to-drive,837264,170918,1688,1313,1688,1313,,public/images/fall-sched-24-oct-18-5.jpg.webp,057e59aedd35df9dee62a30c278ec10a7688e0527768786d131f9af9178e7e74,31ce6780d6116eb26cc9661515bcef165ebd172e77f03dedc6eb595f0227207a
public/images/fall-sched-24-oct-18-6.jpg,archived-to-drive,1034403,219564,1688,1313,1688,1313,,public/images/fall-sched-24-oct-18-6.jpg.webp,8e9315dc84872b048fa7058ba5f93bb7f9f366be2f10eabacb2a99081fe48301,56a3120445a12d9cf3baa342f6a8411e9e727b40acb1360b33e9c7d36a62c15b
public/images/fall-sched-24-oct-18-7.jpg,archived-to-drive,817853,175566,1688,1313,1688,1313,,public/images/fall-sched-24-oct-18-7.jpg.webp,633d3318a40e768bf2abbaba746f35cfb10790cac3759611b80b293c74f57440,61295fe16ebaf8cd1b2e1e8e53e4e357c8649795d89327779ed34a3a8b09681f
public/images/fall-sched-24-oct-18-8.jpg,archived-to-drive,873784,190918,1688,1313,1688,1313,,public/images/fall-sched-24-oct-18-8.jpg.webp,2f6dec29c54adae8c4a1c5d6de3cdf25c47aa6bff00c6dee546060e47dbfba3e,01816cf0a23ddaee7387e5557823a81537cc4c60f8395ba3c116b4f3f1967f86
public/images/fall-sched-24-oct-18-9.jpg,archived-to-drive,765829,146386,1688,1313,1688,1313,,public/images/fall-sched-24-oct-18-9.jpg.webp,362cad1107994bbd44ea282e3d7d1abf1179bbeb392b557d9d6e1be0729aac63,acb5c8e66fa7446eb14011e21c4d9921c83e58717db5a54332c5d5651e169da4
public/images/fall-schedule-24-sep-20-1.jpg,archived-to-drive,1052274,134780,1688,1313,1688,1313,,public/images/fall-schedule-24-sep-20-1.jpg.webp,fea800bf0815773399455f6db1c45c6f5d81c7a4e91b7a86ae65832cce2382b7,669aa1c31cbf54d452b558b531bc6c71d2783ce7c5aef720fb990bcb81891ef3
public/images/fall-schedule-24-sep-20-10.jpg,archived-to-drive,1013987,185186,1688,1313,1688,1313,,public/images/fall-schedule-24-sep-20-10.jpg.webp,9ea5cb6afc15073de9bc087dc698bc070ec362a04be8303f099fa6f15eb36fb5,9ea1757429e5430d749f6c8caa4ba4245b0074baafade34d4a9de89995ddadc8
public/images/fall-schedule-24-sep-20-11.jpg,archived-to-drive,1112126,238324,1688,1313,1688,1313,,public/images/fall-schedule-24-sep-20-11.jpg.webp,52bc0ec7b43e7c2790389ed2009abc173b758ca759fea3f5339dd22a6ee963bf,fa5fabe5b01f31f6ba8174b0d2838bc6be88cabdc4d5cdfb7417c1d72a2b688b
public/images/fall-schedule-24-sep-20-12.jpg,archived-to-drive,1182247,282434,1688,1313,1688,1313,,public/images/fall-schedule-24-sep-20-12.jpg.webp,c4524fee2ea6fde9a92e754f3d6c468d351fd3853e20e940a46b896872e89e9a,ee1a12567070ce8653ca77fb1894aa66dfec08807e7432523f8550ec07959a6e
public/images/fall-schedule-24-sep-20-13.jpg,archived-to-drive,902093,161830,1688,1313,1688,1313,,public/images/fall-schedule-24-sep-20-13.jpg.webp,5295b0edb12b728f8c730274a048597c2a940c067a537f55210e7b445bab3e04,c3c4e16c8865c4b66aa1b0d0eaf777252ec46c5976ef71fc75eb10a8a087f161
public/images/fall-schedule-24-sep-20-2.jpg,archived-to-drive,1077419,243938,1688,1313,1688,1313,,public/images/fall-schedule-24-sep-20-2.jpg.webp,c245374505b6453267b46e398f240e8a3ddf9b3742c2f94564468de043b0341d,dfd90a436d34e87e096894b50487374dba6273173bfb5facd1961a5c1c899343
public/images/fall-schedule-24-sep-20-3.jpg,archived-to-drive,1137286,277960,1688,1313,1688,1313,,public/images/fall-schedule-24-sep-20-3.jpg.webp,7a430eeba12f1258230a33b28baeab7dc8bec90f322dfca9fa1f26f91e7b57b2,359efec7ca0f866ee9e2f8ae0f06bd711f4b08cbb63012c4832f3c11767f22f7
public/images/fall-schedule-24-sep-20-4.jpg,archived-to-drive,790558,137916,1688,1313,1688,1313,,public/images/fall-schedule-24-sep-20-4.jpg.webp,627159eb756091e702a3a9fde518bcbd5e436a5a21617f1a7563e5d2d7203296,5da9980bf2c3e81611c2e37411cf9645af12e4a7b5c292ba9a0dd3e65fee5e2c
public/images/fall-schedule-24-sep-20-5.jpg,archived-to-drive,930784,192924,1688,1313,1688,1313,,public/images/fall-schedule-24-sep-20-5.jpg.webp,742961e439db8e264f710fbd699d507125028730984c7b0748a65ea3cc9dc08b,89007853a6062f33adcaccb08a2b7cf582d4d0065eadcdd4d3c542a7ec95771b
public/images/fall-schedule-24-sep-20-6.jpg,archived-to-drive,1034839,219552,1688,1313,1688,1313,,public/images/fall-schedule-24-sep-20-6.jpg.webp,1d8e4913fb9318acc62b9352a576e5222c6f652837fbc10482182a96602d3cea,ca2f61f0d5215df84f249b2e793e27b3d0b41406f096426a51d619cf982e3f4d
public/images/fall-schedule-24-sep-20-7.jpg,archived-to-drive,830068,178252,1688,1313,1688,1313,,public/images/fall-schedule-24-sep-20-7.jpg.webp,2a12d9683db39d7b368c30f2038d92a181f0f9c7d5b18c7bafd8e7defd4137bc,8a1683fc374e6657b85bcb3da2e3d980bfbf9aebfc58dca62686fd0b0deea8cb
public/images/fall-schedule-24-sep-20-8.jpg,archived-to-drive,874034,190870,1688,1313,1688,1313,,public/images/fall-schedule-24-sep-20-8.jpg.webp,cede53a52bab1f3e08822c455d6819126752ecebffcd45f0b6c8982e29c0c99c,eeb1aa7cfc55e160da5ad03a1956dbc327193e7bb750bde401ac8de19b94abb7
public/images/fall-schedule-24-sep-20-9.jpg,archived-to-drive,775046,149064,1688,1313,1688,1313,,public/images/fall-schedule-24-sep-20-9.jpg.webp,2e98b2d92b4dd3dc435dc151f21ba4240c6369c5d99103bf6bece7e974e77e11,e483e93f99788493aac8ec7c7231704c167394ce50b6c2c01d1a0190b3bb757c
public/images/fall1.jpg,retained,1075901,132781,2923,2550,1920,1675,,,3d0a4cc4e81bd6e0e7403813d7ea0df6f8d4e609f9ba1d5adf4efe328d15e371,11863b747bf8e8f5e4795d64b59b222af503996fb8eedb445dbf56c7acd68b08
public/images/fall10.jpg,retained,2230078,281129,3259,2550,1920,1502,,,afd92e2054cdae602fd8b7df94e0f72e35fef14114cc0db8c08542bad6ea24d5,48456c0a293f003fdaf84514002e37213a7a6779e907f318b4b3a8c903a13d41
public/images/fall11.jpg,retained,2787815,470370,3300,2447,1920,1424,,,8ddcde336face26c996ad8d3c700281092a2a70f133770c2921917b8fcc1ca27,093804e9d45178ee3d9121f2478bfd467bebac16b3c275fce0f224103882b964
public/images/fall12.jpg,retained,1574154,240065,2821,2550,1920,1736,,,6d0a42cfb195d20a3b7652f002ef3bf17ca0433db44c1365cd7bc8bc9a48e406,c1c4882649fad3303bce1dc782044dcbbce93775b4debe995851e16b9ea1ec2a
public/images/fall2.jpg,retained,2779165,317794,3300,2550,1920,1484,,,43ed2b75a1c270ce746ab249e0135a1f15e31e75f56ba10ad7e2069621a7caa6,4afaea58b8b1e9ec516fc0a41feb2440499f14de2cf8396ccc9627ff8ede0323
public/images/fall3.jpg,retained,2886541,427910,3220,2550,1920,1520,,,ba3365ca7e28f3a447b021e94080bf4bf3dc741c0b380b96e7512f0c3de7897b,5ae2d563d73152c4b5fdef81c925c5202f1632ed30b2c29eb97592529b651d2c
public/images/fall4.jpg,retained,2452910,279728,3300,2521,1920,1467,,,5293805bac6bdbbe9dc3cf0c38bb38cdc3791bbf9c246dee190ddc26e767d87d,4d1ca8a476962e99a6d8a5539b3efe1714420f1e944e2f766997d90bfce6da2f
public/images/fall5.jpg,retained,2266248,279476,3300,2489,1920,1448,,,1f7630ae107de9abaa4336c92c5b3150f8723501fb2395902fc8e4c80cc66d98,ea0eef4181f33f06f9fa266a7e88f3222049c860d30d43d4119970bf46975c5a
public/images/fall6.jpg,retained,2783030,324622,3278,2550,1920,1494,,,7c78978d5ff36d29634626097dc60f3ff3c6c5937a0193190154a2714642b8e4,4b1e4cb58b5b551672662c805856abf4b21839d6d4b0c7d037b6f4b4c054d863
public/images/fall7.jpg,retained,2599446,317111,3278,2550,1920,1494,,,260ee602256c468ab16d3a46457b8df60cec606b3a92ba73ff3e2d7a73747537,b193a211002017e459b075050de4dce67227a40e27028806b7849a6e84e56731
public/images/fall8.jpg,retained,3086815,414989,3300,2530,1920,1472,,,db7281ef7966a7395c0369aee248d73d36dbffb915c0a1b2fd868f4378ac2d30,4478689c2691c0e7cd952d25e41c8f7ecdc038e66f4a6c2afa740331ab3278b9
public/images/fall9.jpg,retained,2805738,370180,3264,2550,1920,1500,,,018227b47adc3fbebfc7f7ecccdedb8cf6341b4dac444f1ad5127b3a71f4b057,5c926c7093b1c0e7359514cffd11ee9ef8505693257a14f11600a1cc4de410eb
public/images/faq-arndt.jpg,archived-to-drive,6173,4988,180,180,180,180,,public/images/faq-arndt.jpg.webp,5687e39282417fff05eb5fa2ec2f2c4301acdeb0ea6e4b63c40d450e7d1de4a3,7c94785624c9b9753089729135f253586a4196b2935e79e477999559830a62aa
public/images/faq-christianson.jpg,retained,65879,65879,960,958,960,958,,,ecdf1558061a19d79e4a678109a5995c2178db05a7c5fbab68e468b8b3734c12,ecdf1558061a19d79e4a678109a5995c2178db05a7c5fbab68e468b8b3734c12
public/images/faq-dolsey.jpg,retained,33272,33272,500,500,500,500,,,18b418bb7c298c3ecc6d0ca01128c3eebe79592ff40138e69c2ca86530071f03,18b418bb7c298c3ecc6d0ca01128c3eebe79592ff40138e69c2ca86530071f03
public/images/faq-kirchhoff.jpg,retained,935636,558822,2048,2048,1920,1920,,,45b954b6f44c504f6af118223b11a00be14d1ba112c6deb2be21b9649aea59cd,38a282a3bb7cf194410d435899114881b6b21c8a0ec63f2704bb73baf1dd1dee
public/images/faq-michelson.jpg,retained,224103,178442,1000,1000,1000,1000,,,9bb12585112eb8c89caa3e85cc1e83f422f01d31c2c158cde5a5b9ccfd1b7871,6e1b5b4ad60be7dc5c3e9d106dabe2cea8d8d4037995860b9b8c12de7bada26c
public/images/faq-olson.jpg,retained,144957,144957,960,958,960,958,,,03cbcbeeb750e64d2a936ad76108e74d9f396d36c4e00f13a8fdf3eeae2b1b6b,03cbcbeeb750e64d2a936ad76108e74d9f396d36c4e00f13a8fdf3eeae2b1b6b
public/images/faq-pecarina.jpg,retained,9810,9731,200,200,200,200,,,51194f9e89700696265354dc90a13aa2b53865d52eb223d344a51ab9390f6118,4f78412afd2e23c89bf75248bc530dedd758e6520bb218df9a641d23e8acf94d
public/images/first-banner.jpg,retained,2409233,518089,1920,2400,1920,2400,,,a23206ad8e63938fe6b1a262a3c8ee8aa61edf411f94ef77f532985c2ee39387,7ffd0807df666f4da85bdcf1482c6fb131de247db5033536cc0d69a3c9e0ab7e
public/images/first-hug.png,retained,5233931,3497738,2200,2400,1920,2095,public/images/first-hug.png.webp,,d84c667113a95e9a736e97f7a8bcafcf94e4924b0386e320db9e141c53ca6120,a9c9538203bd33f8dc12711ab80d7712fe23663844e0be3c32102246c5c4e559
public/images/first-point.png,retained,2389632,2254140,1800,2400,1800,2400,public/images/first-point.png.webp,,323e6b3ee3b2317752fd8e311198c3f08e13c8fff538d6560d3f411dc16d898c,836a26ad00c023f31b6da5f0259d48bfc14368ad3178d721b884470acf8ac608
public/images/first-ribbon.jpg,retained,1884675,302883,2250,1500,1920,1280,,,7657ed011577eee0f49b3db5e86409a32a1722ce885e0ea7cf5207dfdd52ab80,5b03ecad3bb6253e120f8bf2bb5d3e68464126a5b317af30c99930de6e4ddfe4
public/images/footworks.jpg,archived-to-drive,6635,5354,440,95,440,95,,public/images/footworks.jpg.webp,1071b6d33a28fec315dde9666644dfcbf4bcae4965e8fb8fedeb758d2f21c2ac,510357a2f58f1f3570ebb59105824f6202fc42a78fbeac1ec9b178ef3d59daf1
public/images/freetrialform.jpg,retained,1534696,211531,2100,1500,1920,1371,,,947beb069105449b43860122dc47aaa5bf09b649c048ef76cf1e5d644a8ebcba,e0e9a8f3db182173000c49ffa6b6fd1009fb8925093a360f9d442aaaa9896370
public/images/frozen-friends.png,retained,726051,723309,820,462,820,462,public/images/frozen-friends.png.webp,,15a29dcd92fc8b082d04f54cfa8904f9e4a47a0f1afaa0fd8642c7fdbbc6d429,094817f07490df14dcc6cc7aac31bd170e2cab5b77b853848643580c47fdc973
public/images/get-dance-team.jpg,retained,903410,302279,3000,2000,1920,1280,,,c29f13189aa3a675031b990516dcd0b275d51c06e455d22972a210e6cbb87f1f,1b703e3830316cd1b4da9ccb5b787019d4261d972ddf75bacfcf5a2601ebb06a
public/images/graded-summer-dance-classes-la-crosse-1.jpg,retained,785674,225522,1650,1275,1650,1275,,,169853b52a6363b780930566ec9bb3933de7ebd934879fcdebb74d05bb7a985a,25407549a291ac90ec9e550ea84ad13de429201c85050cd41f2e7307df702d4d
public/images/graded-summer-dance-classes-la-crosse-2.jpg,retained,774098,201957,1650,1275,1650,1275,,,f1c9a018f4441f09b24b2ff36d7dc14ee0c0cade4a63362a082fb3c5d025550d,aa0ef4aa05a722a9bd6219d85af4303a077e39ac2e02d9c5aef6bcd7918dc72a
public/images/graded-summer-dance-classes-la-crosse-3.jpg,retained,1086222,355126,1650,1275,1650,1275,,,fbabab5c300e4e5f2c33ac0973fa51225f9a163891df67862fbf083794b93b87,344c4dea24dfefd21e5718eb48e2da97b9ba73af815834546a8a67eb05037b5e
public/images/graded-summer-dance-classes-la-crosse-4.jpg,retained,756077,212793,1650,1275,1650,1275,,,e9b25b2e3858b732d742462c3ace9e35276adaf50d854e42ba7a5c2365be005f,4012ef335d30b759c6537e285afd7fdb4dd88e81035c4b9bd2eabc2fedca7f6a
public/images/graded-summer-dance-classes-la-crosse-5.jpg,retained,1126724,365653,1650,1275,1650,1275,,,2ba6c000d23d670a4184f293b09f3dab573d1e18b1e80988db59ae4d4f56dc4c,f5d8660ff80e41856f22023ea5a47e88dff16bbbe0e8e1240c03424e2d41a3ef
public/images/graded-summer-dance-classes-la-crosse-6.jpg,retained,1308867,374808,1650,1275,1650,1275,,,64f3a4b218444c21e90676b59c9224f42fa1ac643c88a493e63b2f259e5593f7,2cd1e6b894f3fbf9719cb54218d9e5e693656a1e63f17159304129da308c8d56
public/images/GUYS-ONLY-1.png,retained,20280,12013,1189,155,1189,155,,,117d2ffa70f45e4b66c173b79d279d8b8c29cfa20cea4f0c5bf518e69fcdc401,a550dba94efb53c0bab158cce4154ab030bd8512b4da4f0dcb70adf7788ffc79
public/images/guyscomp.png,retained,16522,15577,386,178,386,178,,,e69cf3cb7183498e5e878c6667eebccd136ce6db963ce4fe76dc9987292fbc7e,df7f1962c4f29c74c999a5e425e14c1ab2574b919cf9b3696422e334e11b88b4
public/images/head1.jpg,retained,963518,179432,1800,1200,1800,1200,,,df82c8bf01195141e22c0b30f8ea8ddb090ed64712fb4ee9497ef52bfb4c9cd5,cc9c61e77c8ef51f06b8670e2921ee6ca7f1d27be84ca50be827f05c02fe930b
public/images/holmen-dance-team.jpg,retained,4405676,333830,4928,3264,1920,1272,,,80fa8ceab65de1a60b284bafe1ab032f3632a6b6034b54fc24c1165089179b96,3ceb507bb3a6d05988f8cb8f911dd03ce9c8803a291d06d67de1e832b77c362c
public/images/insta1.png,retained,1480260,1417057,1080,1080,1080,1080,public/images/insta1.png.webp,,fe441593ab2498eb061dd639b03cb8505a78102ba3f8ade212a295747d49dba1,5e99ec860ee98ea576509773752935cf8cb78158d85b012f472df8322c01d792
public/images/insta10.png,archived-to-drive,1678075,131534,1080,1080,1080,1080,,public/images/insta10.png.webp,213a3ab0662958c5977341ae8e52516f2062208421bb2b85d5c73417f92fe78e,7b2da71600f88d43654253b4844a067a59976c15534ed88fe3c91325737e3d4e
public/images/insta11.png,archived-to-drive,1765068,135192,1080,1080,1080,1080,,public/images/insta11.png.webp,40e8ae2ce5437347dd5dccf13249b72c0449bd70589cd11bf4271494b8334845,77ded1a60651bd61d203aba9cd63620b6a7f55183260e0ef66e1c84ad689e81c
public/images/insta2.png,retained,1450739,1395590,1080,1080,1080,1080,public/images/insta2.png.webp,,3dc976cbeef71705ecc7994ad46e2c8829911302153c63e574b693d3c1f9a3f0,b448d84e0467d33f67be3d051839758b23dc7b5b2c8c21a98c54c7155d405f1c
public/images/insta3.png,retained,1280208,1211129,1080,1080,1080,1080,public/images/insta3.png.webp,,551bd7fcc1e3c9fb490da3e6749a8b33bc58d3287522903bdff0922bfdb78929,52e16b8f7ef36804264072ed716b8ec5757345e85a1931fc4850e592ced1c570
public/images/insta4.png,retained,1661485,1608251,1080,1080,1080,1080,public/images/insta4.png.webp,,d68404955455a328cdda8305c33a871ec982dd6b69c53f0af46d10ac4bac1556,15d03600aeffa97e098c533b7a1af5371c18cccf12b5125f2b0fe05488bb23bb
public/images/insta5.png,retained,1386948,1316826,1080,1080,1080,1080,public/images/insta5.png.webp,,a32953d3d7766d764d52fdad87927fd227985db2993bcd8808a97078c6497e3c,5453d9e2d293c37799bf505bb916c23469500c5a967dc2604329fafdc85ee930
public/images/insta6.png,retained,972025,924408,1080,1080,1080,1080,public/images/insta6.png.webp,,bcf96b7774d807214e14012cc5a7457a9e2d20bdcb52e82f46617943ceb9efb4,6d68aa221759da62a4e980b50bf0ef8ab1ecdbe2e68b173b3fc8ec98e072a9fb
public/images/insta7.png,archived-to-drive,1432931,85334,1080,1080,1080,1080,,public/images/insta7.png.webp,56ab5d776391c7577e9a7411ec2be7e6242ebc081d51079bf706c0a051e238f7,f29740067d281548be0ecf8fd108c6105fe14dea74a5811f4ab5575d91382986
public/images/insta8.png,archived-to-drive,1053070,56660,1080,1080,1080,1080,,public/images/insta8.png.webp,bef162db9dcd4dfae4a358532b637ca253360c652cff18205887a481bba1093f,bd287bf2f8e3d023cc30a2307d057793c8afd85aa01dd6af37dcd6ef3593481e
public/images/insta9.png,archived-to-drive,1580290,113572,1080,1080,1080,1080,,public/images/insta9.png.webp,25f61578f0adbd0d672ba6277e16779abb312138640628092cae1247a992f941,09f7a92a5039e07e32fb73b4428400dcda70ddf243a208807aef9cb757f1f28a
public/images/k-1st.jpg,retained,374570,201485,1800,1400,1800,1400,,,b0db3de82e647b8b26f7c9de1cb5c4c7e758d1bc004ddef3053450d4049e1da8,9179ab88a887ceecbfb2f9807ea22d7166b5c8784c482f1d478e4e64a962ffc6
public/images/Keagan-BW.jpg,archived-to-drive,229915,71768,1200,1500,1200,1500,,public/images/Keagan-BW.jpg.webp,5ac2ea888ff032d20ac4b19b5ffac5494478b8d0fc358032b48c035b4109bcf5,bf1170ee9797191fd7ecac4bb2030b5f0767849b6d458649e9911c2a8ae03d98
public/images/kid1.png,retained,24213,8812,394,87,394,87,,,db80a2a5bf2ffc8a952298957e56109ab74c23400dc198cf70193c14597ee8b2,3d53d66a8ad43dc7b630c640305cb4bfd1e947f3fe05035be8ecb2985d670d32
public/images/kid10.png,retained,23324,7818,409,166,409,166,,,50b2dcae2a91ee140bd157d434329d395debe6e83e388c721cf473ba76a4e384,a655d29f8b688d42f657385add4ad17e1363aa326698a52134340a8c442c221c
public/images/kid11.png,retained,11107,10910,291,78,291,78,,,18e302b3a80eaef006012c61d000c83ad6da355fa97de86a28ec26e9d0708638,8211f98fae2bf6b0a7bbde05d21971f7789a47f0be9d96aa4edfb0d2dfa74686
public/images/kid12.png,archived-to-drive,34686,42706,2583,365,1920,271,,public/images/kid12.png.webp,694ab1a7f910b642a34075d9500e1fa1c781125357b0c4979593acbd25191018,f65d4bc387a87359af3695bcf49697d067a5f07e6d9e9c73f53a056837f92833
public/images/kid13.png,retained,34445,18935,462,159,462,159,,,cb1e12fb7b0190f9529bbd88007192853a228b73339673315a3fa0a9486bd40a,524bf54525b71b18cd1b4362f40d508b7df4e8406a06a37b586a1f2c9ae59355
public/images/kid14.png,retained,19634,18908,322,78,322,78,,,7fa7bf29921ab6eeecec32485f9c2e033c7f41d7c0e8494178df7313065e437a,e75aa2911c17d688fa48e3be5d1496037bdf40345d9778f33e25266466c494eb
public/images/kid15.png,retained,41122,24173,1229,199,1229,199,,,eb35d365130c95b2eaa13fc5122062807b9351c19e3518651a180d985bde21bb,c944ac43754153bd0f23e308624c41a9e5ed1dd240b922ede11db1ae2ce2450d
public/images/kid2.png,retained,4410,4410,231,70,231,70,,,9933c7f9d7c522be892ee50cb046656b5bd09175ce25a7cf11be920540a28351,9933c7f9d7c522be892ee50cb046656b5bd09175ce25a7cf11be920540a28351
public/images/kid3.png,archived-to-drive,22811,5914,413,122,413,122,,public/images/kid3.png.webp,03e63a729b5c752dfed2cba720c5ee35eabc06c7cea404ca816c39ef151e8582,4c7da79e1bfd3bff20efca4d2890fd0d5f5b1582a8577acee199fde4404ca783
public/images/kid4.png,retained,16126,12670,1578,271,1578,271,,,bb9ca4ff384a0da440eab66c1728f864bfc53cf0a13b51f672ae4a48ddc4358c,8aa50b0d0e45a6ac8aa610fc30a265f65f5b4a9129ac72153d6a486bdb8caa5e
public/images/kid5.png,archived-to-drive,23453,5956,330,152,330,152,,public/images/kid5.png.webp,354f868b06aa75fd7c5a145ccf838f6d1363e15668f20861a1ba8e1781025887,76c72e9d529d04dc23aeee9ef66a8a0ceae4d01f7e8f161b953d74e3e80453b9
public/images/kid5b.png,retained,107587,100910,768,394,768,394,public/images/kid5b.png.webp,,9208689df2c579a5e7c646077136861c545a5bdc4dd910f3b1c04483085f6cf6,f3390a41ea176daba3e5ffca19ea5b7257e78023b8d05ba3d43b9ac8ffaa14fb
public/images/kid6.png,retained,24719,9159,436,97,436,97,,,1726426ce8f5f7b37807d7c89070933173835604c19b69ab46567687479ad0d1,7d38ebc782169bdb9b681b45ed2198843be85a621b11fadc4440cc18e8cac1e9
public/images/kid7.png,retained,26030,10541,428,125,428,125,,,f5899c214794cd570f7e7a6e5fde1eee395b75ba9ce54ab982f279fb15ad29d3,8a42ed57a2b1e2589c7ed02b5a8a04cb700c3dc11096aea32c0a3a6d25bd748f
public/images/kid8.png,archived-to-drive,31490,43386,2683,365,1920,261,,public/images/kid8.png.webp,c4523296878b80e4077cd5683d3410cf9ccd4eb5e09b37a6c2047cc6d913ddaa,ea650010d7eef59eeba730d0870dfbaca27add834ff8e56fa103d2ecf92ecc20
public/images/kid9.png,retained,21081,5765,352,124,352,124,,,86f9c350736d832126196b73c64d6d3e34a4aa9f5a1a3a02bdad333f068a62ff,6d346d1a2bace0ac449eed082d98dc78998804cc087c5ecd58975d8d6264cabf
public/images/kids-summer-dance-classes-la-crosse-2024-b-1.jpg,retained,1165891,346428,1275,1650,1275,1650,,,78bdd3701a0adf840ccb4a5554731db09f88838b45ec01d6f9ee3d6637eb0333,79a631af40e8d4b5448647f13672ed1438963527af8f68ad0de2dc35e360377a
public/images/kids-summer-dance-classes-la-crosse-2024-b-2.jpg,retained,1108679,332968,1275,1650,1275,1650,,,560d57502f78307d2d231378ca7ad7a262aa3304ed7867c0387d3f7196c8e18f,17cae5a6d722860c92d3cf511e1920690342cc01dd8d12453c65d4ba8c787894
public/images/kids-summer-dance-classes-la-crosse-2024-b-3.jpg,retained,1311961,386297,1275,1650,1275,1650,,,a22a515fd12af7e159bd3c81b49415de136a96aecc032179ea49e40f9d43781d,3c9c3127a904def073efabeaffbc417a160f550b500ac51a5d1030f0ad49bbf7
public/images/KidTap.png,retained,28397,16588,909,412,909,412,,,4ead15dee75c8e23b175049804cbb9079a9176f1b681f22fd94be6efde5a04ff,fc9537b6c2f45fd6f34acdd2423255d63227936b5f5442fe4f1e49dbeb5be412
public/images/kinder.jpg,retained,333183,195504,1800,1000,1800,1000,,,b8bbb5bf0ebc26d06ffef229879fcae020f7951a605d259bea74ae0bf2d30cda,79bb8302d3beddf0f9fce2a3cc7c7ad43ea0f07c4fb9cb9d398494339d1184d4
public/images/la-crosse-dance-classes.jpg,retained,2381206,245854,3000,2400,1920,1536,,,3981b1c70c1aab2d3efeed9504c633afe8e63e0a22cae63d6a6ad4b8ad278ea4,4c8ba68f82105fb4846850ae196abdbb63b235b953a05edb4c0b59a2ae802bde
public/images/la-crosse-dance-lessons.jpg,retained,1125206,227067,1800,1200,1800,1200,,,170df8fc430f0de27e27688141564ee14d7bfc6c17fa00a607ddfed4087933e6,bc700585e82c4bd17ec87da4037928b3705af23be547e41e64c96ed438bb35fc
public/images/la-crosse-dance-makes-great-kids.jpg,retained,345594,139802,2100,1500,1920,1371,,,8854a412814570e7d57fc3c9b270d9ad61eb2c243e81d0b73467763909eb126c,1b5d8fe640e7a82f7a37e85569fbd605fb1a9d15da316a0f9f2147e0594afb11
public/images/la-crosse-dance-studios.jpg,retained,232371,94705,1000,671,1000,671,,,3a956e26741773c092205766d5507c721a04933d61187f86e238ec54a08c3f58,1e83b69adaf7956c3047a5dcc94ec37cfbe0fce61df6ffc1a4b8d76728672c29
public/images/la-crosse-dance-team.jpg,retained,1826196,261486,6016,4016,1920,1282,,,fed8f9ccfce5503989f42feaa82832e9940bf6469df615df3bd97676e074a55f,75b23db5f8d4230648fb944c36f35e99f2d84485545c992c8e345e6ec49a0b1a
public/images/la-crosse-dance.jpg,retained,1035206,159868,1500,1071,1500,1071,,,b39ec8383bad7d0d9dfd2e7d3761573ca48db0fbcf2330ec97f5c46f9b2921cf,629b53161a64dfd5c2fc75f9775b3ab586f61989edeb5b1cd233e78bcc20071b
public/images/la-crosse-wi-dance-studios.jpg,retained,679168,289477,3408,2272,1920,1280,,,31eaaf6ee9816cbf82f3431e25606a6e069b7e09b79a0e0a64169ae94a107ada,cfff184fab1898d223d8bcea712abe69fb716782ccd31b695c1108176829b280
public/images/level1-2.jpg,retained,465147,257346,1800,1400,1800,1400,,,7dbb05842109619d5939ef4ea2c8b8482b8802def290c03f81abb1ea75c43937,24c483703df9b9c1211feaa1ec2aaf5f16c6d5af56b13e182455d3dd4372ba54
public/images/level1.jpg,retained,321881,171594,1800,940,1800,940,,,07ae07354e6b382cb099d57fda99b36cea3055541ceb1a6dc901c1893d7d6daf,b828b4b6d0930da5adc73521ff1fda3a0fba8fa9da9c57f0f16a66b074751a1d
public/images/level3-4.jpg,retained,308909,160479,1500,1167,1500,1167,,,91a2b0bc54dc626ac428be77f1645bbf9faea68a619d7a9aee024f1a5dbbbb04,e240e9327441e7da6b835de87aa794d0f88f6f2b9a4e5fea74af1c320adad9ad
public/images/level3.jpg,retained,414057,215368,1800,844,1800,844,,,bb41244efd46153c47bdae0978b4c7b8ef6c7332c9b394dd6df0554dacca3f94,1f98e727dcda139fc8e07375bab048ae5e061a5db126810547881a237e6b33ac
public/images/level5-7.jpg,retained,621401,339538,1800,1400,1800,1400,,,a043a327af8465de93924b934e5ea9e7b15012c5f19aa65525caf3029c25e812,86e8682db4fe07762ad410370828436b96275f337921847389beb111de4a8090
public/images/level5.jpg,retained,320057,167728,1800,764,1800,764,,,9ff65b5dbb22525acea5a417908770fe98601ccdf52688f02932ef339d52a3c1,09780d0f913e597d00171f45578956f1b25bd3165cb0969533cbad6b0a7f722a
public/images/little1.jpg,archived-to-drive,245596,66922,1200,683,1200,683,,public/images/little1.jpg.webp,ce7ee9e9c1462310aa731fc90dc94d715d2794d4f53a355555e3870794f0feef,ab93c16c0f0a18145604fee90b9aae93fde38e57e4b477bc982f61401629ecdd
public/images/little2.jpg,archived-to-drive,2178325,141770,2696,1797,1920,1280,,public/images/little2.jpg.webp,15d55dca0658bcc5b0fd4239f66544ec2a2cd6edc3974dd4fda3e5a14a638299,571a7752f639e4733f314dc7d98f6981e4eb3f1a09f101601e1a99e579d73875
public/images/little3.jpg,archived-to-drive,560976,217032,1800,1200,1800,1200,,public/images/little3.jpg.webp,65489d983a5138a005d1e7991f4314f64c7b1ef9ee698206cffdf7ad1f7d003f,431e8f50dc2ba102ad145fb97834a1d9630cdedb3d35ae61586175b22900d1c6
public/images/littles-pg.jpg,retained,709147,373695,1800,1400,1800,1400,,,9971ad50718ce9848a53d05c409680276592c91fb6e43a28d4b03b51728a8dee,402ec464dc85da3687748715dd3e19f39c2c566622e8d22e40d0d7735f7362bd
public/images/littles-promo.jpg,retained,1365235,217109,3600,1650,1920,880,,,46ad76e657ef301def9d03a4228fe3f8ac0294750b7f7acca838d35787d40bfb,7c7757e33a95e1a889cb18bb007d9354b4137592e2e11f5bef7a520c7f120b91
public/images/littles.jpg,retained,376346,206846,1800,1400,1800,1400,,,2a859c6c2b0babba92334939ce62fb99b2b3e161c117b907f0fd24cc9cd813df,30e2f0881ea22f9109c0c308f1d746356308560042a556da7d562c46dfb6dc2b
public/images/logo-bumble-and-tumble.png,retained,36998,34054,1080,295,1080,295,public/images/logo-bumble-and-tumble.png.webp,,8b4df0f0ff37bc50c89b72fc6877353e28066dd693628c15783c20e043edea05,240f823b5ee2d3b8e9c2056ea5cc55584589c225aad2c7cbe3ac5e6ce06f1804
public/images/logo-homeschool.png,retained,10287,8534,273,269,273,269,,,ab9774dc1d24a6c9a3c30a12be44deef157aa2aed3eb240e282891b48d978eff,62564fa5149ea4ff00b507492b3db13466ccd6585a4796395982468be77125cc
public/images/logo-luv.png,retained,50041,50041,400,400,400,400,public/images/logo-luv.png.webp,,1eb8404c6939df931e30791175bcdd7917a67510a4aaceb5ec28dc744dc26fa9,1eb8404c6939df931e30791175bcdd7917a67510a4aaceb5ec28dc744dc26fa9
public/images/logo-sister-circle.png,retained,54621,50841,1600,958,1600,958,public/images/logo-sister-circle.png.webp,,e67367bae33a19b6340386d4ebbaa4b9fb4a9ba7fe1daa48944e38294c06ffd6,265d653830ceb30682975beeb2267b7ccb48ae118df5911fca6a9e4121668873
public/images/logo-varc.png,retained,5973,4986,213,82,213,82,,,197e4989f746e39ea3445ca7d8b27b21c53791cc3cfa8d0bcc57c996fd32b884,03d57430c87fb4a3ba6354ede871a3d402a5e83e817ff242e27fd503da42d588
public/images/logo-willow-and-grace.jpg,archived-to-drive,227640,33792,1200,950,1200,950,,public/images/logo-willow-and-grace.jpg.webp,6f39114ac4f0c49bcf3ef40b1e0f3a9a1ae853a8ee6ddfb86eb06e5781247c69,d8875fa04c242d124aa021bbd400ae6bd461a69eedcf26b7df8bc13fd57d6faf
public/images/logo-willow-and-grace.png,retained,46253,45109,800,96,800,96,public/images/logo-willow-and-grace.png.webp,,049506f69dba42f7db39a774547ab472383cf1609fd3f8fb8af0d5440f77001a,16035bf5f5398dc844fe9ca076a66a276f24d1f814b279cb587589756e3e8cde
public/images/mdu-about-us.jpg,retained,3893283,203407,4794,2336,1920,936,,,29a45b160af82f22fc0884341ce79ef4796feeefaaf258dc19cefc8574af7e50,afd74b4a8ed50706382d89f9a15e80ece5a5ce6bb7814ceef2fef6d18f19f01c
public/images/mdu-creative.jpg,retained,2716512,132824,5041,7113,1701,2400,,,f4bb7a9cee323c2da8f40aa872dba1841be662e4baee4ac51cd679895762e1bf,b990555a10dca91b8c4897d3f07c27e4e4503da0a7a61326d1b87fecfdad3f32
public/images/mdu-fall-2021-1.jpg,archived-to-drive,714240,88922,3300,2550,1920,1484,,public/images/mdu-fall-2021-1.jpg.webp,95963da67355451fa11dc70748789c3b22e826e0b667bafdd583a8a28fc41fce,2b971971630701812aa3bb5ffe22f5aed917ed11999ab5cda5af878f5170458f
public/images/mdu-fall-2021-10.jpg,archived-to-drive,1235085,217032,3250,2550,1920,1506,,public/images/mdu-fall-2021-10.jpg.webp,ee4c2a5724cc3c1bc0b9f6734d5ce9e1706166ef4a4f744eb91cbae6460bad3f,45b3e6ec9ffeead48f4deec08b12a2853e75dc394e1fc0031de93e8e83d34bb6
public/images/mdu-fall-2021-11.jpg,archived-to-drive,1743651,352998,3300,2476,1920,1441,,public/images/mdu-fall-2021-11.jpg.webp,bad093d7621a188d29db924862e548498d7051c271ac45b8f5d3c315646eaeba,d27bedb7d27072c35f0f3b1431acfa72ac5da405af4dfdc7f0932f5855edc274
public/images/mdu-fall-2021-12.jpg,archived-to-drive,537537,129282,1778,2550,1673,2400,,public/images/mdu-fall-2021-12.jpg.webp,7efe141514b5de513b700996dd57e45cee614a9a22f3eef1bbdfef2aa7288a24,fbd6e4a69401e7f285956fe498a22b88f8d34bdb7ec3726dd24c2f2d862d258b
public/images/mdu-fall-2021-2.jpg,archived-to-drive,1318482,221680,3300,2550,1920,1484,,public/images/mdu-fall-2021-2.jpg.webp,4b862a43921895db5615bcd7b9c3b05fc1189d77ec2013774997e1e084352316,0b8c79b55d113e87f61c64f7bec43c38f3ef8e876b037c3d7ed447ba7ca7abac
public/images/mdu-fall-2021-3.jpg,archived-to-drive,1590176,311700,3225,2550,1920,1518,,public/images/mdu-fall-2021-3.jpg.webp,84e1507d086b65b4ab9e7d654475090dd2ad8d36bfc9003d9ffc5938670b5e59,1860b5f27c1fc4f913613a0d1934785c93d8f6c6d05a0de85cbe0af96545596f
public/images/mdu-fall-2021-4.jpg,archived-to-drive,1121979,183848,3300,2524,1920,1469,,public/images/mdu-fall-2021-4.jpg.webp,acccf7f50bb3534e361809f0e9bc788e5b915b5891ed46d189764b0a2d34eab8,1747d1b3f80bdc3f2d6609ce49d9c1df39d779fd10881f333e7de5573e986065
public/images/mdu-fall-2021-5.jpg,archived-to-drive,1322252,225982,3300,2436,1920,1417,,public/images/mdu-fall-2021-5.jpg.webp,01a690437a2090bbb84fb59d91cab285307d65f6279b83f52fd3c43dccb7430f,b197936169504679043a36ba147e38cf6c4b4283fba10a69301552fdc694bf54
public/images/mdu-fall-2021-6.jpg,archived-to-drive,1274427,213504,3268,2550,1920,1498,,public/images/mdu-fall-2021-6.jpg.webp,882a927668e1ae36ee920cc2844cb80338a21e1ae1af70e15df9eb99f4efbf48,6ccfc65454175d333a39bf52fedbcbe3062e1694eb418f4641041c7f76c2fce4
public/images/mdu-fall-2021-7.jpg,archived-to-drive,1185088,196358,3300,2539,1920,1477,,public/images/mdu-fall-2021-7.jpg.webp,21042d4947eabb5d53deb27e72c019656f41d5a34fff6d054c83ed2c047becd8,f075954e94b9ee74de023d632358acd84ec7cc086dc8e89be57af9fc18aa5cb3
public/images/mdu-fall-2021-8.jpg,archived-to-drive,1450815,264986,3300,2450,1920,1425,,public/images/mdu-fall-2021-8.jpg.webp,da940973541700f9cfb090e803f84753877e859a86e32028b5d64d26c01fdca0,e65e70d355ba037fd0571d551089a67fcc4937abb70cf0160b154fbd93ecae5e
public/images/mdu-fall-2021-9.jpg,archived-to-drive,1301226,224990,3300,2488,1920,1448,,public/images/mdu-fall-2021-9.jpg.webp,458b835df7a253524bab350626c12bd05dd972e1edabb7630de6cea54e42f9ec,1c0c8bcbbcecb20de4eb9913efc7839a1f849df9df672e5344f205a62d2dd45f
public/images/mdu-fall-schedule-23-b_page-0001.jpg,archived-to-drive,1091493,142680,1650,1275,1650,1275,,public/images/mdu-fall-schedule-23-b_page-0001.jpg.webp,3612f3f93f92ae01fbb4d7ab8d002d936fd72b7d56332ddf9efd6c53f6b85c29,0aa287e82c7b23ab908714ac2da9dbc721a7646e3a0baf5da81cc8d0f0f5f572
public/images/mdu-fall-schedule-23-b_page-0002.jpg,archived-to-drive,1238904,275750,1650,1275,1650,1275,,public/images/mdu-fall-schedule-23-b_page-0002.jpg.webp,8022da936b0463316d4610d6a9eb0255700281f72a596b9d21dda547f3872f1f,f7950aa97e51bba93792f5e8b65f8200b96779b792973e8dc9cb87eef32364d5
public/images/mdu-fall-schedule-23-b_page-0003.jpg,archived-to-drive,828311,156378,1650,1275,1650,1275,,public/images/mdu-fall-schedule-23-b_page-0003.jpg.webp,8375c9b6188a20901b97a98eb6e3cb175b80d3bd19597d3c1e3132ca833c3c72,23f956bc4643ab45293e923ad84e53791a62d8be7c422573344d4c8da3ccf7c0
public/images/mdu-fall-schedule-23-b_page-0004.jpg,archived-to-drive,894964,183194,1650,1275,1650,1275,,public/images/mdu-fall-schedule-23-b_page-0004.jpg.webp,6d6eb6602bc168beff17981666e843964861c6c48d090399aab1b35f05085e15,1b03f968c6aadecd2ab56bcc1948c130b484ae171ef1d7733a3ff99c15a2074d
public/images/mdu-fall-schedule-23-b_page-0005.jpg,archived-to-drive,945470,182162,1650,1275,1650,1275,,public/images/mdu-fall-schedule-23-b_page-0005.jpg.webp,4ce28937903e0c64be453de06dd64e5f70b2b172fc86293726f350347368352e,4d08b6f43620f417e818a52aad3318671ed2af9a38e76b06bbd1c7b5bd967a91
public/images/mdu-fall-schedule-23-b_page-0006.jpg,archived-to-drive,988888,205596,1650,1275,1650,1275,,public/images/mdu-fall-schedule-23-b_page-0006.jpg.webp,27701cb2c9fd19a5a753354db7084fef45a530e36e1c7734374cd0db88ff92ee,5e049bb4a4344e56e45d73090bb8ddc228d3bb02292f1c010359aa8be3e37c1a
public/images/mdu-fall-schedule-23-b_page-0007.jpg,archived-to-drive,1095295,241972,1650,1275,1650,1275,,public/images/mdu-fall-schedule-23-b_page-0007.jpg.webp,73405a73adbe74171417dabc1f2354a1ab50cc25e8aa7865da9b0c88be8ec1a1,c36dfc5659eafbfdec6e102ca7375746519dd01d379902ac31251908d96c858a
public/images/mdu-fall-schedule-23-b_page-0008.jpg,archived-to-drive,961976,192624,1650,1275,1650,1275,,public/images/mdu-fall-schedule-23-b_page-0008.jpg.webp,6c2ceb9549dfd6907b863f98a1848eae8bce0d63dd436872e378a5026c0a3319,db23644e2fcac2d11c8f83de74988504c7a647aaec01f81ebba2a0a7be18c476
public/images/mdu-fall-schedule-23-b_page-0009.jpg,archived-to-drive,1140536,245644,1650,1275,1650,1275,,public/images/mdu-fall-schedule-23-b_page-0009.jpg.webp,945f70d539416639155cf97a943026c135e8ae1f82c4582141b2cbea0744a724,f3fffeae6cfea6514c0f3b2a197b5de24ec50452b31efa11bab0af4058ed6fdb
public/images/mdu-fall-schedule-23-b_page-0010.jpg,archived-to-drive,1197332,292710,1650,1275,1650,1275,,public/images/mdu-fall-schedule-23-b_page-0010.jpg.webp,65c682d472c54eeb87706d70d629b383f4d3358ab0e12a2fcbbdd90b9cfeed16,1174314275d94c665b79af169f4f1bd6d0be0d075c6b550e7736d9e03ce52e6b
public/images/mdu-fall-schedule-23-b_page-0011.jpg,archived-to-drive,1194790,290972,1650,1275,1650,1275,,public/images/mdu-fall-schedule-23-b_page-0011.jpg.webp,c643b6765e6adf8e756822fdf26cca6a79379cc7d8e15fabcd52e4d4b220331f,79e72aa1458bb301387489b47513588be5c635c3c03ed0ff85c779f06c12987d
public/images/mdu-fall-schedule-23-b_page-0012.jpg,archived-to-drive,1004376,183948,1650,1275,1650,1275,,public/images/mdu-fall-schedule-23-b_page-0012.jpg.webp,19d2ce8675ec1881423fef257a61db6c742d62a46ca84b41487480ba2fa3f38c,426090d8c84380970f1b7464ef16026debacde9173b678b34edbed385323e21c
public/images/mdu-fall-schedule-23_page-0001.jpg,archived-to-drive,846361,138460,1650,1275,1650,1275,,public/images/mdu-fall-schedule-23_page-0001.jpg.webp,ed467566ff2d7964d67a10de66d0fa9c40a16e685a129ef8cf9f358185d99ae5,0060460d5a6ec5f77939faaae6a81b21a60287c36b888a3a9ada9e0d55592e85
public/images/mdu-fall-schedule-23_page-0002.jpg,archived-to-drive,1198347,271086,1650,1275,1650,1275,,public/images/mdu-fall-schedule-23_page-0002.jpg.webp,ef794afe7e6fb42687ab41d5adc737903d80b4064b9e888ddb7cfc3cad7139e0,a5c4297f824bb840b14ade4262c222473492ddb10db478e82a2ac0d2146d82ba
public/images/mdu-fall-schedule-23_page-0003.jpg,archived-to-drive,752450,150528,1650,1275,1650,1275,,public/images/mdu-fall-schedule-23_page-0003.jpg.webp,644f9b41379df7d0200d68a454323b3ed49634f009c35b4db31ab498354fe795,9d7a819e59838fb50f33c9e8b221ec3714aeaef4ab52f23b6f4c9c1bf0281ede
public/images/mdu-fall-schedule-23_page-0004.jpg,archived-to-drive,848670,181092,1650,1275,1650,1275,,public/images/mdu-fall-schedule-23_page-0004.jpg.webp,81d897bf139983dc8d312859fc602de6e5013e30387aa02ad2c01896e3346f4b,f2ee17000f6e41c918e4224cd39de583fd2fa0007a156750f15dd517262b7f0f
public/images/mdu-fall-schedule-23_page-0005.jpg,archived-to-drive,876647,181956,1650,1275,1650,1275,,public/images/mdu-fall-schedule-23_page-0005.jpg.webp,ae5880d946faa4f904efe23455c6fb1ec7670d48bb25a917cfcf3e35be40a386,baff2e5c4ab215c85b7dc5277790854e3c32bb09510b02aa989399ed4022a11d
public/images/mdu-fall-schedule-23_page-0006.jpg,archived-to-drive,934695,205630,1650,1275,1650,1275,,public/images/mdu-fall-schedule-23_page-0006.jpg.webp,e433dd681763ea80a12ec5525c65de7adc970bc1fccff35856e7c92588ecd639,d42708970f5b33d213de036dd1c46d5020a8fab5790341331b76702c97b47ebc
public/images/mdu-fall-schedule-23_page-0007.jpg,archived-to-drive,1049997,243642,1650,1275,1650,1275,,public/images/mdu-fall-schedule-23_page-0007.jpg.webp,66a91dd5fef50c0118c71125e4ab9a3fb5af85cdc5e84a04a745c699251fcf21,8ba440517d5922637eefa7c67318ff4c238e29bfc45fb4956416c1f23a973b1a
public/images/mdu-fall-schedule-23_page-0008.jpg,archived-to-drive,894376,193198,1650,1275,1650,1275,,public/images/mdu-fall-schedule-23_page-0008.jpg.webp,2b1ec0dbb6441dbbbffc8faa06378741527570042a1cbb9137dab77e1aefd6a2,c0938f51417f1f6271af04d5b86178233323814977f8561130cce3b537cb6586
public/images/mdu-fall-schedule-23_page-0009.jpg,archived-to-drive,1120337,251978,1650,1275,1650,1275,,public/images/mdu-fall-schedule-23_page-0009.jpg.webp,7dc92dedbbf79533662efd8848839b0adcfb0faf3ef0e22a09e2728033bf5c5d,f9bd4a201f03c1913f14261beced7ec3e47c7deb2e7f769e4902d59c9b64c939
public/images/mdu-fall-schedule-23_page-0010.jpg,archived-to-drive,1150889,296116,1650,1275,1650,1275,,public/images/mdu-fall-schedule-23_page-0010.jpg.webp,e2319a48d6cf77e4bab20724bc8135d230111fb3d22c005b77d5dfc5f8229350,68581052c17d929aa218a476b0443b095d8d96b8db1255e11007ad28ac60402a
public/images/mdu-fall-schedule-23_page-0011.jpg,archived-to-drive,1192990,301422,1650,1275,1650,1275,,public/images/mdu-fall-schedule-23_page-0011.jpg.webp,a51ebaa1d89d94a5ea29d300bf8abb13a42025e341be139c0c93904d5ac0c764,e2136ddfc16c75602b94e988223b7111f6f42209369fd6c5f043fcff72e34636
public/images/mdu-fall-schedule-23_page-0012.jpg,archived-to-drive,925603,181488,1650,1275,1650,1275,,public/images/mdu-fall-schedule-23_page-0012.jpg.webp,3a0ed7fe88e864d415bacafd1291f81f53a9ff88cc8a43a7a4db3c1d4e1e993d,3e7fc484d387948195974a84f5f600e7caa3c4d12bc568b6652c267902037bf9
public/images/mdu-fall-schedule-6-5-1.jpg,archived-to-drive,714256,88922,3300,2550,1920,1484,,public/images/mdu-fall-schedule-6-5-1.jpg.webp,8ebf2f54151c974ff5a10ec5692149e538d880a0180a930f6a7fa7512e295473,2b971971630701812aa3bb5ffe22f5aed917ed11999ab5cda5af878f5170458f
public/images/mdu-fall-schedule-6-5-10.jpg,archived-to-drive,1415080,256266,3250,2550,1920,1506,,public/images/mdu-fall-schedule-6-5-10.jpg.webp,0914db3df1dee77aaf11213c73a83d6ad45a8bacc3e5efa8206a648a1d639aac,30cb29d048146fce4780e6bcaf5e91769bb46a0d3e800d8533faea7d08a7190c
public/images/mdu-fall-schedule-6-5-11.jpg,archived-to-drive,1739430,352118,3300,2476,1920,1441,,public/images/mdu-fall-schedule-6-5-11.jpg.webp,3294bc6934882bd11c8840ba5cf30c587071dc64321d058c43c062e978dd32d0,b084eca446ac6a3b49fbdb8461049ad1667ffb1763970e8f14ffcb4a6c0861d5
public/images/mdu-fall-schedule-6-5-12.jpg,archived-to-drive,1586271,340024,3114,2550,1920,1572,,public/images/mdu-fall-schedule-6-5-12.jpg.webp,5678188c881e8a1bfb7fd16bb9790cd319fff63b7fbec72487d0637af89fe83a,a0b9c4668e1ec3c9fdbafe68cf8ade8e9a07ff8c122e97921025fc4a4f0ecd73
public/images/mdu-fall-schedule-6-5-2.jpg,archived-to-drive,1318498,221680,3300,2550,1920,1484,,public/images/mdu-fall-schedule-6-5-2.jpg.webp,6564004150a3c6f35f29ce77a8569c759ccda3aba33245b7f41cd1b037379c34,0b8c79b55d113e87f61c64f7bec43c38f3ef8e876b037c3d7ed447ba7ca7abac
public/images/mdu-fall-schedule-6-5-3.jpg,archived-to-drive,1590149,311708,3225,2550,1920,1518,,public/images/mdu-fall-schedule-6-5-3.jpg.webp,20d53dcf7d426e92ba8c03b4fc4bea674985433738c02d6ccc7070f028df0edc,fdd48c9c9e6c0579ff865139bed52d797be7e3058247ef47b60df0ce0724fb00
public/images/mdu-fall-schedule-6-5-4.jpg,archived-to-drive,1121491,183510,3300,2524,1920,1469,,public/images/mdu-fall-schedule-6-5-4.jpg.webp,715780686153c56f0df53d7d79c50ea6a1e89537890a2fc09df37338ef42bf9a,3fe3e5973951c21954eea4d42635c1330071afd25404c474716033b16c5be6ea
public/images/mdu-fall-schedule-6-5-5.jpg,archived-to-drive,1323547,225154,3300,2436,1920,1417,,public/images/mdu-fall-schedule-6-5-5.jpg.webp,586cfffc056a686eff9eef3a3ee18522b3e4309ff30a877a59883705f047812c,6b71d3a9e026bbc59e0da492da37316fecba6e48c10289f485a6ec352fd7b291
public/images/mdu-fall-schedule-6-5-6.jpg,archived-to-drive,1272629,213868,3268,2550,1920,1498,,public/images/mdu-fall-schedule-6-5-6.jpg.webp,665bcc2d88dead27b5e40617a9a85bbaa42cf4576d3f1302bd3a4baaa723c5c2,2d85f0a82018ba02711c0f58d030f36cbcc4708bec83571c95f3fa43aeba3582
public/images/mdu-fall-schedule-6-5-7.jpg,archived-to-drive,1184606,200940,3300,2539,1920,1477,,public/images/mdu-fall-schedule-6-5-7.jpg.webp,db4a35b614004598ca07401cdac079413908630d43a15ad053063e7aabe85d9e,8bdd52ceb815e48caf5963b376be46be51e9bfc5134b2ce587106815c552fa16
public/images/mdu-fall-schedule-6-5-8.jpg,archived-to-drive,1491526,273148,3300,2450,1920,1425,,public/images/mdu-fall-schedule-6-5-8.jpg.webp,6cdb8f8bfda6bd1c648d2cd64a26f6ef2327901db545febc8bf2b6a691083552,6584ac4080ddff76ce039ce7aaed3c8f40f862a3d06fd875bc16417f67a943a0
public/images/mdu-fall-schedule-6-5-9.jpg,archived-to-drive,1301405,225144,3300,2488,1920,1448,,public/images/mdu-fall-schedule-6-5-9.jpg.webp,cf4e03859c0e03906d83fd5cf33634eb1c8a5fecbd578049bab9aeb37a523291,25995ce6e29a86e774184afaede09e550eafd567bce91dbf9acbc3c77dfcafc7
public/images/mdu-family-chat.jpg,retained,65514,65514,960,808,960,808,,,745f5c3472b4f203015bf82e2c3c34f460a501f242cb9ec35a0f8a6ed56dd061,745f5c3472b4f203015bf82e2c3c34f460a501f242cb9ec35a0f8a6ed56dd061
public/images/mdu-fest-logo.jpg,retained,163979,73788,1299,809,1299,809,,,f8a27da3b475463bf746b0e60c93a1299a179bb44d8a858f8e6436f2c02d5897,1497cbbd59cb87e15d779737037b91c4bada590aa69a7df9710ef893714f2aa0
public/images/mdu-home.jpg,retained,1484087,107570,5120,3233,1920,1212,,,b1aeead7b1915d994c73a16983e77278106bdc2c6a5d71b9394f78b8f538253a,9fa28b2abb15b56ca1fb4562cf594d5e302d629546a9636d85ffa5612a84371a
public/images/mdu-logo-short.png,retained,25660,13030,824,397,824,397,,,d3cdd49f96c0b8c01cb606e06f8d8fa9adf65dc89280f1197a1888b7d80ee097,3494877ce4359df607383675c564c6346e7935cfea2c1b38143352332c5bd7d1
public/images/mdu-logo.png,retained,47992,27954,1275,397,1275,397,,,a69ddbd9b460bd6571f5e412f451f298591174c3e65e1995066e77981402146d,6d7f8042cff1962b737cb3a5415873211f0a156c2bd95f738001c30fd0b26d42
public/images/MDURedCarpetRecital.png,retained,729100,708931,1200,726,1200,726,public/images/MDURedCarpetRecital.png.webp,,fd66b9cef60f79eea11c3a39e036e245b8c0741fc8600baf4049bf2ec06c6c34,2830e6de399e62ca84889e85f5712feb83693ded91bf8799f330efe0594fbfd9
public/images/MDUVirtualRecital.png,retained,1191721,1126731,1200,800,1200,800,public/images/MDUVirtualRecital.png.webp,,b9ba13b16a9f60bb6ad0d2ebeb90a0b181ae5fe173f9b70ba205bda6bd671f6d,1ab285a9b44a3137da0b9a830af89b27e6beb6b32b936dfd6201b3fa3dfd83f6
public/images/mduyagp.png,archived-to-drive,22364,10650,1088,110,1088,110,,public/images/mduyagp.png.webp,89e8ce2e424f8c841bccb659297d3ba271fb31b22e616efd5be9affffcf39e1a,30b88cf653ee553a16c6f5dc21ecfaf1ccc195212540e4a0507e047da5e2f548
public/images/miss-ashlin-bowyer.jpg,retained,1572369,314189,1920,2400,1920,2400,,,dee24b5a6013901130edc91c0d2eea0c97e4ca8a873fc3ced421114832aa64d9,7df6814baec80487c1c7fa5a046a9f3f9597186efe0355cff6e78a7822ee84ca
public/images/miss-bailey-hoffman.jpg,retained,2191393,520818,1920,2400,1920,2400,,,e283cdd6b5a127d86c3106f8a0c5e93c2e5505f766955785d5cb81ed8d7f61d4,8b082e49c18b7bf607b5f4af5848187266d5935ec644493ee8a91c4b6343a838
public/images/miss-elsa-fortner.jpg,retained,1884998,421830,1920,2400,1920,2400,,,a71fbf92a65ca469b55c6b617c69fdf13164caa1f608916e01d75a907b1183a0,c74b1fe139646e4176f80b3df85609d38231f1b0a233c778aa4c41f8563310b9
public/images/miss-hailey-hotvedt.jpg,retained,1388956,266560,1920,2400,1920,2400,,,d27130954cb8843f94acc16577d22f9c2f4dfb58b34694b2c80fadf5ae6423d4,761ecefe299d567ee6cfbe7e1ee92f7debe6758773e1775743f102126783ae7d
public/images/miss-kaleyah-rivera.jpg,retained,1271810,242465,1920,2400,1920,2400,,,5dd32171706dabe9017ffcd5a381f78d83a848be975d42f0b8abab17848acfac,7294586cf27f79dd404ad417dea5e8cad579d2f160451039ecd1e68e86de5de3
public/images/miss-kyra-moore.jpg,retained,1814783,406792,1920,2400,1920,2400,,,c025c626f22d0e392462e1432b8670a36ad0396816cc850307e54ebd8508faf4,e4543c8f45baed2dcda115f2d4e59d78313881d3f826052bacccb8d27ba9f2a6
public/images/miss-larissa-ballet-series.png,archived-to-drive,1427527,264394,1650,1650,1650,1650,,public/images/miss-larissa-ballet-series.png.webp,8b7dbc7f2915cd64981ced4949729a3e3bacaa5cd5f787564a1b7752839d4122,1f2e6e637906a0860b330aa67a80eea1183344a8a72f482e3f169f32b430a390
public/images/miss-tabitha-meyer.jpg,retained,2314396,550475,1920,2400,1920,2400,,,16af4114bea343d949cbd699f2b21c75c0bc1d4967c4274a9936f4f0a9205d84,919c7e0c9d671d42b4b89380c011d22dfcd76cb41836948fc11465fe6ce55a01
public/images/Misty-BW.jpg,archived-to-drive,291582,77522,1200,1500,1200,1500,,public/images/Misty-BW.jpg.webp,0f2512c83d21f1ac2bec493416fe9cf1bc7ddc5561bcc64f0b99c74c3a357a64,09065812da32b1ccc2c8a0d4a07a7ddc80474ff10413b9b3bd3d8ed47c073919
public/images/modern-dennis.jpeg,archived-to-drive,141570,74924,1600,1129,1600,1129,,public/images/modern-dennis.jpeg.webp,055e326b92b608d89f7bc28eeeb6d7e500e2ec05f3b64229d93cb778d4aba564,bdd595a3359b96c961d067e1b31506843522b0174c2339d3991b51c5b86fe429
public/images/modern-dennis.jpg,retained,231789,133950,1452,1129,1452,1129,,,0aaf2c5de1f997e67fdce0bf1fa1be551b60057cf8bd05b338dce1ac344af7a6,a8a9d759fe53810b43c49988f818c7d30b357647ad74ca37e9f9eaaa1639a546
public/images/mtjgd-logo.png,retained,248564,248564,1000,808,1000,808,public/images/mtjgd-logo.png.webp,,55f406ee383f45d5b50dda339106dfb57e15d75b9266f3570e8a74d3be40f85b,55f406ee383f45d5b50dda339106dfb57e15d75b9266f3570e8a74d3be40f85b
public/images/my-first-dance-class.jpg,retained,2897280,295287,3000,2400,1920,1536,,,0eaea6301dcba656fd2608503733abbc9476ff1c909f999a491ce50c5ad86e25,ce82a86c6a4c9de6e2eed96d6b0f143dd8ec023b577f0f40d7a1d24537da3c5e
public/images/onalaska-dance-team.jpg,retained,2647202,133069,6000,4000,1920,1280,,,97b0bbba81a8ce37a92632361cbfe0794a04d539dc2126b77d0910f0da9280b2,4d72e108353e588c3abe5433598ea9ef145d30c2104dd8ddae6090743e57a8d7
public/images/onlineschedule.png,retained,385487,373770,1640,856,1640,856,public/images/onlineschedule.png.webp,,98bac621b9cdf152c2cc6f2f64a7ca16e99e84a57e063194cbb4a41f76c75984,751522b9d8ea57d609a92e974f94d0e329fa07be3362f11e3fb8dff9662691d3
public/images/page-three-11-18-24.jpg,archived-to-drive,1139955,278884,1688,1313,1688,1313,,public/images/page-three-11-18-24.jpg.webp,9231832560054edcb7e5b29b0325f6af68167fcba615312ee8a9728e5b2de278,3e640b08a10f609074657f5bd093673f37d1fea426e5f02fcecabaca108017d6
public/images/parent-quote.png,retained,37377,37377,300,441,300,441,public/images/parent-quote.png.webp,,019992ac6fd5afcf7765efc925022315d9ca6e57791eed50fbd0469a86f363e2,019992ac6fd5afcf7765efc925022315d9ca6e57791eed50fbd0469a86f363e2
public/images/parents-love-mistys.jpg,retained,262799,141056,1800,660,1800,660,,,4b4dc664250df8755ea1e8a77547ad555ff6fb1e3f32297ea696ba5af1cf0190,a2aa7d7e9104f383654fc3225025d273bd246bf634204fcc2e5ad48993266b94
public/images/partner1.jpeg,retained,17488,9608,320,219,320,219,,,05994f3db5f7b560074db1d3d9216154ff8d5d997d85c40c0830d9fefbd01030,c73ddadc5ac6a8352461a2704ef2302e6070087366b7d6e59977f0e7dcec760c
public/images/partner10.png,retained,88559,84450,1100,392,1100,392,public/images/partner10.png.webp,,e295c6048440eaaa5c04b3015095cfdde1095c183728fc4d0132bd6f894d32d8,0e7d00a7307758354ff7cbdec986c976ee12232eb2429e17f5c220830732382d
public/images/partner11.png,retained,72986,72986,2130,480,2130,480,,,706bacfdfb9e3d95dd4037c1e2ae5f9387d5d230a40c887af2646376d934cdfa,706bacfdfb9e3d95dd4037c1e2ae5f9387d5d230a40c887af2646376d934cdfa
public/images/partner12.jpg,retained,348463,159632,1500,1709,1500,1709,,,659c171f33730b238b52fa1dd3e0433fa96953f2cf122e4ae29d67bc87818def,3b7e467e52bae3d98790d32cf72e69e451dbd9a2a594041497aab9836a880323
public/images/partner2.png,retained,25518,25204,400,67,400,67,,,a2b9d94baf6a4569ec6715c85186f7af7497b6a5fc25da0946faeced698db8f8,2afb9ee17c6aa7dda2520d0d799107aac37169f830fa6ddae2c9d57843c9ecfb
public/images/partner3.png,retained,10985,10985,300,67,300,67,,,27d7f8a95b19e16b9bfda26e60c5a0a570c34bbeb58530db1194b60769d37c72,27d7f8a95b19e16b9bfda26e60c5a0a570c34bbeb58530db1194b60769d37c72
public/images/partner4.png,retained,10996,10996,150,133,150,133,,,cea0d6791380e9a42bcf0dca173920c33056e4c53252001fe3a16119ca138e4c,cea0d6791380e9a42bcf0dca173920c33056e4c53252001fe3a16119ca138e4c
public/images/partner5.png,retained,6783,5879,177,60,177,60,,,e769d63f353722e1d487aa3a5a35ae705691a3d9031835ab0a78dd9d8f85e513,fe92330f3383a6a4c87f3e8eb2ede7559f5606be590db86f78a4c91b56d4e3c4
public/images/partner6.png,retained,7713,6644,128,46,128,46,,,8aa3490b3b77b3209dbeb915ae60519542130a89be61610164362c088a3a252f,03960cc5c08bac65d3b9c2e2d1eac9361e38755b42638427f24cf2135a84b54b
public/images/partner7.png,retained,6849,6079,125,53,125,53,,,c3c70d3611c8f31603db95e7c5f47b4a7895d0b21295aac7676009e7c1a74d40,b8bdea07e9e11c574db8731ac53f22d183406ebccb5abfecb6051b065e294cc2
public/images/partner8.png,retained,9782,9782,165,56,165,56,,,0f9a0001ee15c1c35fc7b13f4564a7c5bbc9989e035a28b58745e269fbbdeae2,0f9a0001ee15c1c35fc7b13f4564a7c5bbc9989e035a28b58745e269fbbdeae2
public/images/partner9.png,retained,4240,4142,144,32,144,32,,,e5256e9a936c1195b69e087c5d2d75f707b496d300e487bcf050c6a05b13fbfa,ff3f2a31ce3eeb777593c8c2fb36bc497b184a5f28fca660bb867e56c93258db
public/images/perfcomp.png,archived-to-drive,27369,13652,430,137,430,137,,public/images/perfcomp.png.webp,79e2193ff3c5150afa83ef35c18bef321b86a6e4005ac655555ea1984bebfb23,8671a7f559fab9525eb2f0055d6e9ce7f624bd7e4323f996bedcf7465805171e
public/images/pg-audition-info.jpg,retained,1667595,514944,2550,3300,1855,2400,,,3168d104b8b5f4d794e48697bbe9f33a89d3daa7c1006babb7f53c06f714fab9,1ea7a49afeff08255daec4d67cd4793a1697d2629cbeaedcb0a303dbd6d4f582
public/images/pg-auditions-25.jpg,archived-to-drive,1316705,241042,1275,1650,1275,1650,,public/images/pg-auditions-25.jpg.webp,a063955335f2865244a9744d94bb7750e231bd3a99d512d458e8682103bd5e54,bb1e825125a3742ce03a3ce7f6048e19c788e2e8e932e8deb3ce43aafefb2f37
public/images/pg-benefits.jpg,retained,1437565,434534,2550,3300,1855,2400,,,f1b13a917c2ade59f6f56cdfb9e034ecee72cc3640ff8a88ebdcc258907815da,5d8700052196827acbf70635b7bfca8a0c2cdfdb863a2c54d35b063576bf1f9f
public/images/pg.jpg,retained,1166204,646825,1800,1400,1800,1400,,,2e72639411e37a6a861306730e81e374f2466a5065a710f6bbc4a721486bcfb8,69b0179b7781c5acd4ced35a19967d0d7fd7ac1bb3a598c4ce9b48cc84efe47a
public/images/pre-audition-meeting.png,archived-to-drive,4604599,222946,2143,3000,1714,2400,,public/images/pre-audition-meeting.png.webp,3bdcef93afcd77fb0c56110fb8cb22cc9211a4f09711218f18bf0cc1befec52b,56701eddc0144a8d41959f6c58a0c0a3f09a97e4842a738758dbfa0c10e195b3
public/images/prepro.jpg,retained,633260,294739,2100,1620,1920,1481,,,5ed4d16987d7445998112b87f7796c734a1b51715c11a6e78d7dc4cf06f83cff,63ff57996a53b680ec766111defb96e7bd1cb5fcbc372d5286b293ee22fd7008
public/images/recreational.jpg,retained,905049,510311,1800,1400,1800,1400,,,3dc5022cd3b18a962fe7657289bd61b354f0a084254d4f9f93351d8a5412a4c5,24774e541a1a72dc396ad8b0804e4ac731df7e85ec752d50e941715b473e1684
public/images/red-carpet-recital-invite.jpg,archived-to-drive,866088,292088,1500,2100,1500,2100,,public/images/red-carpet-recital-invite.jpg.webp,b555f63e77ed6703e933f28ef6f31920b72bd0d7f74ca7c764e65ea098795154,fbf73826faf960fcffc93f72b69beed722e1c2c8ebfbbcf2af63506c1a5d414b
public/images/result-alex.jpg,retained,153440,72508,1300,640,1300,640,,,4039af371f2ce5e6314eb92887e413b31619f6335105ef21e4f5e10ba139f70b,e4a765bedddbf7fc6c004e1fffc39cfd5d2d4e2f831351bee03013a81925c164
public/images/result-beth.jpg,retained,166916,83032,1300,640,1300,640,,,af82e41bb53095ed4d61e6e27d81f320fb085b96dec87a7186a122d1ea6232fb,7bd247e012c53ef88efb6aa61d73334b00c26588de96bd48e2270ea2fa9c953f
public/images/result-denise.jpg,retained,158011,75373,1300,640,1300,640,,,ac5aab7345cc06efdc78269d086bb7b4b4ae9253a52f84ec875f6c691f2c8f40,61e16625d228a8b8ad75e36a25c24f6d958a9b81125eb7aea1c3f5b07b797297
public/images/result-dennis.jpg,retained,138957,64315,1300,640,1300,640,,,0ad670b4c1895258e8bacd05541e940ad72dcd3b703fae3af2ca38dc56eb46dc,3a1fbe74c892e322967e428a45895fdc1c69a6f2a03d1c137e712a42d731c5ea
public/images/result-keagan.jpg,retained,144975,63629,1300,640,1300,640,,,0aefaedc9963b6c24993512d4d4f780855d2eb9cc2125c294f2a95f07335e1f6,923051327662060a3a904a56708b7b166a0620f827b20c44a1fde4b79857667f
public/images/result-kris.jpg,retained,161189,78860,1300,640,1300,640,,,1b6167669b42ae4914acf04b85bcad9ec8862b67d5cffb53c4fa8211e525fe5a,86fb6913ac734cf85798ea16d69b728ecf75b409b94c97a97de7e2334444bc83
public/images/result-krisa.jpg,retained,146679,68598,1300,640,1300,640,,,8f4eb03040540a355433d851f1045ce4947cc56adb437f84441fdfa7f3e7acc7,4f16dbb6f425e2c34d245283b10446c6a4eedd3c5da9f3bcd4d28058c5d4c4ed
public/images/result-kylie.jpg,retained,157527,75770,1300,640,1300,640,,,12cb7631dd7616f79066d8d598f90225b26a09065fbc9ab98f2ce9105c1c6525,8ceead61598eb1b3737d83ee30e40dd923fde13528514e5031e5627befd0dd9e
public/images/result-larissa.jpg,retained,165084,79670,1300,640,1300,640,,,655eddaec2eb4fffadea1ca273de27203a28418fb80815e920a2d653a51cc9da,e8bddcf0a2b2b9d148f1bcfbe3e7b7cf9df7f6a72c33f9c263544b20ea9411f2
public/images/result-misty.jpg,retained,157018,70123,1300,640,1300,640,,,62288449d8db00c5e0d10802e2a1a37b0a59ee8c95cb72787419de1ce43bf76a,fb00de898395e3ff7f02d5ec1b4828ae11e9afba974d8357b21782222d872287
public/images/result-sandy.jpg,retained,153195,71999,1300,640,1300,640,,,758f6eaafdd5c658185558206d2d8d9a6c5318e4ddec22522de30c4ac85f1f95,75254c835e8d59d33b4ab78ae83346a9e6449b7f581faec45c0f307c56583193
public/images/result-shayna.jpg,retained,149721,68914,1300,640,1300,640,,,e638dc4a31bbcaa742570908fb773650ba7b6ca5446e283679536cf0da4c8885,d5c3d98e279200a4486905a8954084530d063fa104cd54a5d973699166c9d6dc
public/images/result-tiffany.jpg,retained,160510,77302,1300,640,1300,640,,,d83b2ac37e11ee9275410756eb9505e53e2e1cd0223320695bfd2366e2ccde4d,9b028f9b5a7e17c6b190f2324063afe7b427061e3f1f457e62a86c15ddcd13ae
public/images/safer-studio-logo.jpg,retained,69409,69409,1606,894,1606,894,,,fe77e14ecba7df4724ddfed1e9a5dad526436aae8fbcd39eda2fc533bc31e2cc,fe77e14ecba7df4724ddfed1e9a5dad526436aae8fbcd39eda2fc533bc31e2cc
public/images/safer-studio-logo.png,retained,92479,89597,1606,894,1606,894,public/images/safer-studio-logo.png.webp,,e83f02052ac237800e46c29eedc6010e626f867a8fd41191acda5b7fcc70dc3b,0b04a28309582b5d77b74dc3a5c01caabb1ede156450b3133a67d1bb4052a6eb
public/images/schedule-22-23-1.jpg,retained,236928,75262,825,638,825,638,,,5371ee911319962790ae7926171380ffeb815dff1af8f0a5f2399aacda3dafd3,dae89006cd9ac1e7b4847ced35f328d6a95a5b38a64fb66fd64baf9da7dd2311
public/images/schedule-22-23-10.jpg,retained,320314,141955,825,638,825,638,,,169cba44817c077fecfe568d09dd5202697f95cc107e9ba3aadf6c6cff8b484c,2c507552dcfe9425217f7b3f6bd0ad124b92511261cb706af3a45fe1b623e1fe
public/images/schedule-22-23-11.jpg,archived-to-drive,290002,91946,825,638,825,638,,public/images/schedule-22-23-11.jpg.webp,5d81034bd7ecb77de085b22a8d7b7af49d0d09feae4679486c255cb12e61cc32,7c17c6f0d7923a90b10326882beac7ad462975185be99d938c0634c5df7c4760
public/images/schedule-22-23-11c.jpg,retained,634214,359259,1650,1275,1650,1275,,,61ede63c20a5b0122e847b48bb83d17fed362095df5662dd7d64e4ed0339e11d,ec6aa5378ba4d5d87be41342e93e466a5d1fccaa687762a5e82b61bd150422d0
public/images/schedule-22-23-12.jpg,archived-to-drive,290403,107790,825,638,825,638,,public/images/schedule-22-23-12.jpg.webp,dac0da5ce3a047728e1a4276130ae3e2f7fe774aa344d71e5de51a9affef06cb,8a3da0690a3c866e49c7f3e5a31a9d207e36588c3458c2e7b9e82432c31352ba
public/images/schedule-22-23-12c.jpg,retained,693811,409195,1650,1275,1650,1275,,,0d27e8e03d1b143e3d712a21b8f1b32a5aaa28ae9c07bb5170f35436ab38e985,adb2291ed823482fc4817f282035bed9ba9e2232a3abe7495877061a007b1413
public/images/schedule-22-23-2.jpg,retained,340637,118544,825,638,825,638,,,f96fa44e4f7de6614bd4c1b7493acde22191e4abb5e93e930f87f1906542bf29,5eb90751d3f5dd968ea269a40043edfb2900fc46ae2f24add228e4180c6fd84b
public/images/schedule-22-23-3.jpg,archived-to-drive,284600,71940,825,638,825,638,,public/images/schedule-22-23-3.jpg.webp,7f8c407cb51f921058f0ea4e737e1b31ebb6cf5b55cfc8c449f6fd2cf4fae82c,ef5628f3411c91d6b657332f7896be8b370fbc294403169dd6cfd4e5c74afe2e
public/images/schedule-22-23-3c.jpg,retained,521098,272873,1650,1275,1650,1275,,,589d03b40313d6a8d18a6a5defb4a56a378f186dd10592f421fd8abfcc050862,84347067140eb2dbf28f9a9dea755e4e69635e5943ef2f0856e398913d5937ae
public/images/schedule-22-23-4b.jpg,archived-to-drive,530976,207148,1650,1275,1650,1275,,public/images/schedule-22-23-4b.jpg.webp,3bbd79267e568430257b3e0e856fbaddc5e89f2c712037c7cd28c616527390dc,00298e2124e2794e242e3995b21921493211c14b74cc97f3369652b5d730af52
public/images/schedule-22-23-4c.jpg,retained,553000,277694,1650,1275,1650,1275,,,81b7bd83cbbcaf5a7ff9c47e4811ede3cf6492a42bd1c744620490d6e93b0a1e,88275e61e98ae76e93f1f457b4b9688db3a3e1ffac7a85ae430d70ee859cfaa4
public/images/schedule-22-23-5b.jpg,archived-to-drive,540255,214966,1650,1275,1650,1275,,public/images/schedule-22-23-5b.jpg.webp,ca571e4f19373df2e2e6934d0d9d34134647c4175794411de25975b4208347e1,2796c65813af3242733b185c78eb3b168417cb43199a3c34072c1dddbd5a99d9
public/images/schedule-22-23-5c.jpg,retained,562851,283504,1650,1275,1650,1275,,,737e02e23541f17b27d896f0d07ea59012e85dc47a5fabb187284cee19cb939f,e168d87905596080a3183835292ce111d5a60c6509cfbd418e94bdfb94fc05bc
public/images/schedule-22-23-6b.jpg,archived-to-drive,614090,257734,1650,1275,1650,1275,,public/images/schedule-22-23-6b.jpg.webp,5b1c72b295b072315cffcf8930b2b683d62d7c2086a9f5e406c503ff5b4f239e,377b51f501a0043ba268a7dd3560daa8d140f42f6cdbfe78aa8d1b225e7be451
public/images/schedule-22-23-6c.jpg,retained,644930,328822,1650,1275,1650,1275,,,6efecbcd3fc59478890a24e0ac549c978ca5de65fdce96f9b21909b9addd17c4,1314a062ad737fe41a7935fb836bffdbb0a48de6b7f986e9ebb36be9e383291c
public/images/schedule-22-23-7b.jpg,archived-to-drive,582986,256228,1650,1275,1650,1275,,public/images/schedule-22-23-7b.jpg.webp,c87f3142d2cc1d7127eb5a2bc8f3f6cef712bc296a5751413d526c71ccc48685,d4fcf225de34a7a5ef96ef76b31c285d4483646766176c83c2045da85c65af81
public/images/schedule-22-23-7c.jpg,retained,602476,337954,1650,1275,1650,1275,,,de50ddfbeb15fef686b4ca7d53665b8264ece9898c75bd357d957a71a71906da,767df55c4c5df3165dcfeb0f869a0cc68199282326cfe0b0d14a996b8945a545
public/images/schedule-22-23-8b.jpg,archived-to-drive,568823,228658,1650,1275,1650,1275,,public/images/schedule-22-23-8b.jpg.webp,fedf3b3e34555cc9a35261fd0ae4b5405f1fc5e78d5e8a4f6b9c1f45ef7fc90f,dc22ed68462825bf959f85229e0e115fdea1da09d41451f060fab2e8f8fe9970
public/images/schedule-22-23-8c.jpg,retained,593003,310615,1650,1275,1650,1275,,,4f3a28ea0ef044e0644edbecac2783c725aa34922d58761b8a1c3002bcfebc98,0168ed2313e0a2f45b0d4901f784d5af3d13372067d542760be9194613087111
public/images/schedule-22-23-9b.jpg,archived-to-drive,615898,251412,1650,1275,1650,1275,,public/images/schedule-22-23-9b.jpg.webp,35fef8f40b98e783e194d34ac4dcae564546206d2b4139e6a288b3af70fcf389,906ff675df10bc80673d08dee8d20bbcd53325b9ae8db8e0fdea8115feb3feae
public/images/schedule-22-23-9c.jpg,retained,657864,351240,1650,1275,1650,1275,,,51751ad89741d49c1cb9011d7e38d56f578bbc9bb23ec16e3b5b9e4f9207be07,2c6fdd667aa9d36324c0ecda74d107ee5db0dcdada61e9a1efdfae3c713d4e78
public/images/schoolyr1.jpg,retained,1080920,208438,1800,1200,1800,1200,,,359e41095c1ee6c5627ef8613f541a95fec12028bc3f2ae3cb4fd02d7a1303f5,42e0785cff046072c79762745159b1a346eb675546337c17d61928565937099a
public/images/schoolyr2.jpg,archived-to-drive,921547,109512,1800,1200,1800,1200,,public/images/schoolyr2.jpg.webp,40642a6f923507ff286194b8f316bc57fbbd99f8d621015dedde38414efd1923,92e4e29e33a31067e86743fdf17dc6849a60f68a3507933312b4c51bf92c9577
public/images/schoolyr3.jpg,archived-to-drive,878730,80420,1800,1200,1800,1200,,public/images/schoolyr3.jpg.webp,98ffc1117aef95867382e3fc56f267f44a278c3abc26c434421fea5ccbf5244c,37d84e55af040238d2b8fc6ac4b665ef0236e0d871f1b5b98852c3cb1207cba1
public/images/schoolyr4.jpg,archived-to-drive,1314793,177892,1800,1200,1800,1200,,public/images/schoolyr4.jpg.webp,c1b99d670423e0152a90b52f7c0e2e2d689d78f5bb537b90c0e035b1b1ec85eb,12095f37fbec679efbdce5c632d4f6796b98332c948fe10f2e1697f35340ed66
public/images/schoolyr5.jpg,archived-to-drive,1205422,163136,1800,1200,1800,1200,,public/images/schoolyr5.jpg.webp,dc678d6de4c7239c09dcf4a43695197dcc5497b9569ae2e0bf59a97ddde1c29c,b362d4ec1f6cd3fc79aeb99df4a7e2005630e7d7cd66884730bbd602abef23bf
public/images/schoolyr6.jpg,archived-to-drive,963518,112838,1800,1200,1800,1200,,public/images/schoolyr6.jpg.webp,df82c8bf01195141e22c0b30f8ea8ddb090ed64712fb4ee9497ef52bfb4c9cd5,be486124a5aeb9ee5adf9391cb3fe66da9d0a5fa74b82cec80928399f82360d7
public/images/schoolyr7.jpg,archived-to-drive,1196621,170036,1800,1200,1800,1200,,public/images/schoolyr7.jpg.webp,b3d50ddaca464552e7182107f98e0da74f94bc50c32dea56fa498ebd2d58db86,4fdfe3ecce63e41a7860eaa97e709ed2b7e8541bb82d662d0bcf57eaf95dfd68
public/images/show-order.png,retained,939784,905962,1545,2000,1545,2000,public/images/show-order.png.webp,,3608cd5fe34b98a06f13abb04b1ab10cfddeee39e09ccd2a60b4ece797f1a566,7bcfd942a4115f069f7db1f55683480ad3155b9179409b704e38fde143e7636d
public/images/spring.jpg,archived-to-drive,877350,97802,3425,5137,1600,2400,,public/images/spring.jpg.webp,a10d0547bc7470d8816d80ef805bb2ee6a2a1f9b1b0a987a2af95b6c08096618,780f7739da338e70e07073ec88d1c8d621382621759f218d52a89164ce83099f
public/images/spring2.jpg,archived-to-drive,1314805,112530,4867,3322,1920,1311,,public/images/spring2.jpg.webp,040877928e209a75f5cd37c58ee825bfe037b5b35795caec6d7c6e7e449aefda,4fee492bfb5f00080708d517c60dbd084949d0123802b45b06260e1903dfd5aa
public/images/springhill.jpg,retained,1508586,116493,4244,2830,1920,1280,,,d1f48be0e51a23760242c2f8c41df077c2791fc35816ddf69cc5ff8fb71625d4,6ff19c683f717d22286e4101a8635c54d2fa1df6e1073b82fdd59b910462b32e
public/images/staff-hannah-derksen.jpeg,archived-to-drive,2432697,65556,3015,4531,798,1200,,public/images/staff-hannah-derksen.jpeg.webp,0af4704868c1d2c361720a3d1c12c111c3b0fbfd0c4be06b9bb335164ae37e73,afe0baa3df0d84a8c6c5aa2d61cac09d68865dbf69acf3d0994c519899f4e4fe
public/images/staff-kp.jpg,retained,153451,50363,750,600,750,600,,,0b23b1c4c0bfde6f1e2b2b58555a87145625751d866ae03e71b0965f42d97d3f,662effa252bfb067607000beaa06c9fc8d633596a54f7838bee5d163bb8bf3aa
public/images/staff-rubie.jpeg,retained,5378516,94643,4451,6673,800,1200,,,3bb0761354aee0f78f248eb1fc77a9d7cec8f5667bc8e06ae816d2d72affce7c,93629adecd720e6a77b9cb4d08c065851b61ea3614f4b1d74927a1517603a67e
public/images/Storybook-Ballet.png,retained,25731,15612,1286,201,1286,201,,,05a0016fd1277aac0a73fd296cc7563b1cea1173b41750562da596172a7f99c2,e239ea9c8e92fb09ad37c6fcfae97936a4e3653538eb91b069f87d4da897b204
public/images/studio.jpg,retained,856325,287286,2625,1705,1920,1247,,,b524c1976ebece19be2893bbe84bf4a648c483bc528d4fe73728f35db7ecf06c,94dc94a4f31a8413b146be744840e3eafa6f1207af0a9f0202e28a06d46df22d
public/images/studio1.jpg,retained,1113155,488162,2100,1530,1920,1399,,,0c69553bc75a0e2ce6008f18711ca3ced8b20c11193df77a759fb3b83991cd7e,0a7b8b3bf6f9f27365ee2305e814243ec6fee8cb079db36e939d4c17e98ab9bf
public/images/studio2.jpg,retained,544173,243078,2100,1410,1920,1289,,,2d9fa369f413d5f7894b168c76c87345f2cf03935ac320c5f863631d5dff87d4,2c35db2a28dfb561856c372448661fdd485e75840ee1ac132c566814bbd5d3cb
public/images/studio3.jpg,retained,586147,257645,2100,1410,1920,1289,,,14a6baaa9dc178efe85c5783e02fa398367ff2010a56174f1cdc6bb481f224ca,80717a01378b2472f7dbcf7df6ad81f71ff2ddfb5c7129954f943bfec77ff5be
public/images/studio4.jpg,retained,655473,280954,2100,1800,1920,1646,,,44ccb56e42a642c0ca744b5067820218453892cbfaab41aa5e376dd8ae523f83,ef991f5ddad82a83e72bdf0840d36ee4bb3dc6184368852967d159023ad51a54
public/images/studio5.jpg,retained,730116,331443,2100,1500,1920,1371,,,f80b88ea9caecb21ce3106019571eeabdc23975e685fb2fc5decbe8851369980,c18b8cb25695825400f402e1b6389f8d3a6a6b12b5187ca80f3b477a0f7c2d55
public/images/studio6.jpg,retained,739981,189587,3000,1500,1920,960,,,db42be657b5b523a50d79f616383d8a46d13df132ffac9251c98af6b0072e6cc,fc657ad3ea54b65fbf7f10836e6881b07279bc871a084eca8456cae93b4a886a
public/images/studio7.jpg,retained,2282018,226381,5177,3402,1920,1262,,,3db9c27e7abff355d070e39bd1b3ef945f4c4d99ace884b5d6f0cc6da91bdb05,ffc7ad71ebdd9e85afe447b5f1f0b859f7a78ed32c464a7a110bbb8502935071
public/images/studio8.jpg,retained,2906252,221455,5760,3785,1920,1262,,,d83f553a415fe313caa53c0873ee3d6eb7c9932e574510562647d08ed6ace775,eefa3225c3b1ef66633040bb05ef899eb1a37bbcc3454c7ba7fe82eda9e44f8c
public/images/summer-1.jpg,retained,806120,336207,1650,2550,1553,2400,,,1e4f2f353b245abb38973c9ee3b501088a987471e15030905b7cecdb9eae982b,d3747b85003e5118407158efcff133ec4b21944982ce4f1799c688aa716ed764
public/images/summer-2.jpg,archived-to-drive,1107801,378604,1650,2550,1553,2400,,public/images/summer-2.jpg.webp,19f0a4ebe3b57f93dd046482cf5d9403aae0e3f297055118755b392373bd3368,0321702b237742284aff07bfdb6aa5754c21b89863639651a627207f1e89e949
public/images/summer-3-19-25_page-0001.jpg,archived-to-drive,1373700,200722,1650,1275,1650,1275,,public/images/summer-3-19-25_page-0001.jpg.webp,953e910ad6761bd03fc6602ee91351374ff8a4afb2b07b1a78c8faddf4e3d568,8a6c559132a04eba45047d7855027c83ad256dc2f5474f9d3785f62625258d46
public/images/summer-3-19-25_page-0002.jpg,archived-to-drive,1112202,144404,1650,1275,1650,1275,,public/images/summer-3-19-25_page-0002.jpg.webp,394ad62b9d51c0aca221eefdfdf41874619c3d99aeefe804e0c330bf87c72bfc,9eaf38bc4c8d6a90b9de556b99ba7963f778bd530de528fcd43a16d6c50358c9
public/images/summer-3-19-25_page-0003.jpg,archived-to-drive,1393452,268140,1650,1275,1650,1275,,public/images/summer-3-19-25_page-0003.jpg.webp,bbab0c20036dfc0114fcb656e2927323fc2e519f05b64453d34eaf5e37c8bff0,714950f00754781487951c3a7a57de90d276931b71a07a78b8749eef5de6a1ba
public/images/summer-3-19-25_page-0004.jpg,archived-to-drive,1161921,168948,1650,1275,1650,1275,,public/images/summer-3-19-25_page-0004.jpg.webp,206973b67ef413412d2a1568a7d9e07ecfd666bf176ad20221be94b1b0551524,4206eb345655b1e42d66e4240d5625af9ebf9b24a87648b20e3134161226fd00
public/images/summer-3-19-25_page-0005.jpg,archived-to-drive,1520323,284106,1650,1275,1650,1275,,public/images/summer-3-19-25_page-0005.jpg.webp,35197b2cd6b2d9780d7d952fd17e3a24b0cd91bf7cff4cfdcaa4dbac7af4fe9c,bd567f2975dc0ae9aa32760eca482013e8e48abac6407509cc876de5a1abbb44
public/images/summer-3-19-25_page-0006.jpg,archived-to-drive,1415877,235660,1650,1275,1650,1275,,public/images/summer-3-19-25_page-0006.jpg.webp,9af29a3bdde725ed012fe9c0d1c67c57731770eafdce114b4f857dcebff47704,3b6531996a987883db2c88c29fd5a6e58a510bfc114f28adcd84e7af5d20c779
public/images/summer-3-19-25_page-0007.jpg,archived-to-drive,1362288,268572,1650,1275,1650,1275,,public/images/summer-3-19-25_page-0007.jpg.webp,dda668e19acf2620931b34e0b6bf686a8af8c8649900fafede5a15ae6ca182f6,6db9c7d5918030ea89d9f3b3b92f57dc4d3baf152d0ac877a5b4f6d7289534db
public/images/summer-3.jpg,archived-to-drive,1310750,444602,1650,2550,1553,2400,,public/images/summer-3.jpg.webp,d482d5a15bae2277aac7b4f77ddce9bd50b96bb4662713d733f1d978e0028570,5c8210c69de86c7fdf15a5da185a7c5080cc37c36482fbd527d0198eb657336c
public/images/summer-4-14-25_page-0001.jpg,archived-to-drive,1548596,232642,1650,1275,1650,1275,,public/images/summer-4-14-25_page-0001.jpg.webp,ad1afc26019188d19d41865da271fd103be77c2d9271ab45053508cfe29dfbaa,cc7d40628026d58cb230970c6a79e8578edf777c447115d16e6d1b3c2b9eca6e
public/images/summer-4-14-25_page-0002.jpg,archived-to-drive,1211459,148214,1650,1275,1650,1275,,public/images/summer-4-14-25_page-0002.jpg.webp,3d629f54a2e155f6f98493fc024bf2e077e9aea9c2e926df6cf7ec8658256b3f,998bbbe3750378997a01f388feb42cd8c5c9423eb30561e4f2d5d2570ca15616
public/images/summer-4-14-25_page-0003.jpg,archived-to-drive,1444869,271030,1650,1275,1650,1275,,public/images/summer-4-14-25_page-0003.jpg.webp,50d1e0668e915a6a58321e615820b3305205b4f7996260ed0480332cb28d4db3,555dfb6cb39fd593b32950e5450df2556e0ee32f411d08f036b3a8c70ec1d25c
public/images/summer-4-14-25_page-0004.jpg,archived-to-drive,1282264,182390,1650,1275,1650,1275,,public/images/summer-4-14-25_page-0004.jpg.webp,e2fb64d00b8c95998896ff2e9687a853511cc152f66c23fafc64b105d20d3060,6d37a5bfb44a0d90f144c77f1c6e9073d1e7feaeec281283ff0044b3fe3feccb
public/images/summer-4-14-25_page-0005.jpg,archived-to-drive,1582386,288882,1650,1275,1650,1275,,public/images/summer-4-14-25_page-0005.jpg.webp,b705d15d413945387f9ddaade307fc7f85d0caa9fc24dda2b2f33ebfaf61fd9c,adf2ea584bdd3141e2d743c6cdff0f655f17dd6e933ce1b4a7ee0e2831f94933
public/images/summer-4-14-25_page-0006.jpg,archived-to-drive,1502799,241616,1650,1275,1650,1275,,public/images/summer-4-14-25_page-0006.jpg.webp,abee37e82fd251c5439539f530efed145a57ce0bc7fffbb03f06a713d8793a78,6b35c339bedcb8bdce989f11f5f6de510ec98ceff6902c19c596555108f73e66
public/images/summer-4-14-25_page-0007.jpg,archived-to-drive,1398305,270814,1650,1275,1650,1275,,public/images/summer-4-14-25_page-0007.jpg.webp,bcba30657125eabf2e1367da28346c0bc264e1d29ad3aacc888fb315c31b5f2a,22e5c129d4736818a760465f0e71bf8ec8ce4515c901d7b9fef2a2d1319bbd9f
public/images/summer-4.jpg,archived-to-drive,1233212,431560,1650,2550,1553,2400,,public/images/summer-4.jpg.webp,29db7ad780f993412bf05a99e3a6bad73d07bf02491c2e99f00cdcaf73c4ee88,6d86a6b4677c05091c3dad0e41ab4cffe33d6fc32baf0fef0d3dcd5c4e7c599c
public/images/summer-5-7-25_page-0001.jpg,archived-to-drive,1468167,227276,1650,1275,1650,1275,,public/images/summer-5-7-25_page-0001.jpg.webp,d37a11ed74b94d6d84f578a4b279e8a68b55b713f6f0ad7c8435075a55bb1a41,78a43a74ddbb7e6be0537f654619258fbae8d75a2a67514686534257b581679b
public/images/summer-5-7-25_page-0002.jpg,archived-to-drive,1148511,147704,1650,1275,1650,1275,,public/images/summer-5-7-25_page-0002.jpg.webp,b59070d5a3fe7c03625eb1149566d91fa08a67d2a19d750416d13e560b594e05,70289bfd7202e5b23671edaca3de71f7fa42c2900f85f7524d3327632a013847
public/images/summer-5-7-25_page-0003.jpg,archived-to-drive,1421987,272648,1650,1275,1650,1275,,public/images/summer-5-7-25_page-0003.jpg.webp,2d0e75490d9eae3505143d9e8f697ce9cb10cebbbb0424cdadb9d1c05b5108a7,de9e3a5574294329ef9d83c1153eb079f03df5b502e6242e3c249881a58c8bc9
public/images/summer-5-7-25_page-0004.jpg,archived-to-drive,1230119,180530,1650,1275,1650,1275,,public/images/summer-5-7-25_page-0004.jpg.webp,66336b76adb96c7cba462fd4fe05416dc8ba1a1daf303caddaca97cac6cc9aef,516789e106849169c6c05637dfbc0819468e7cebe344d9ff486c8ffaedf1a908
public/images/summer-5-7-25_page-0005.jpg,archived-to-drive,1556232,288872,1650,1275,1650,1275,,public/images/summer-5-7-25_page-0005.jpg.webp,7c48d82d1c11e7167e6d123d5f2765dbe33c1c16883890c001431d789a9f8f8b,6b3f1f50c9f3a920f711e3eb39b907f4c9101419565299895f65e9cfec679324
public/images/summer-5-7-25_page-0006.jpg,archived-to-drive,1449369,240270,1650,1275,1650,1275,,public/images/summer-5-7-25_page-0006.jpg.webp,ea3ddb8f0a7ca6a91c118b596d825a87d7560d0f303a91a9f4a186ff7190b19e,d0fac7c9f91910f4bde20dda1d5c1060e57f303f361db72731f8fe245b7063f5
public/images/summer-5-7-25_page-0007.jpg,archived-to-drive,1380888,270296,1650,1275,1650,1275,,public/images/summer-5-7-25_page-0007.jpg.webp,d863ac74339ffc8460d2ebb988d43677845e262be52187a607a122be41924a1b,fd261dc570a653d83e0180d7f0f1fc421bcfd75986d7528848b06f89dc1bebd4
public/images/summer-5.jpg,archived-to-drive,1185737,380870,1650,2550,1553,2400,,public/images/summer-5.jpg.webp,c7a7b6603491cd3012f9c1ae75abd6ea2021ac0ce24e3ed327ad2d63031f040a,0ac79397c3e8661e466c1a677bd6b487581930e9a2632dd5405188f800887ba6
public/images/summer-6.jpg,archived-to-drive,1141309,374830,1650,2550,1553,2400,,public/images/summer-6.jpg.webp,c70d52ec090a0211dd21e9e2590766a581cb02d944b43e64f5e170629ec8daa3,963c0773543d3934b6f384c15047e548edae9b796b00dd9a31b7a202df764c85
public/images/summer-7.jpg,archived-to-drive,1117286,379748,1650,2550,1553,2400,,public/images/summer-7.jpg.webp,578c4058729e5928057191269b20b4a1f713fa15a4abde52e2859f063c210ac3,d69b39a56b16d708ee4e94dae59894148094cfef518d566d4b74502537534bbc
public/images/summer-8.jpg,archived-to-drive,148590,43278,1650,2550,1553,2400,,public/images/summer-8.jpg.webp,7302c742374e87a58f47a397e3a0dc9f167bfe995b486538bfee9765e2c4b5d1,22422f4f710491fe257d21fbac6f2ac2458200522ca2effa7717d6b2bdcf2e9b
public/images/summer-august-classes-6-1-25.jpg,archived-to-drive,1343213,264010,1650,1275,1650,1275,,public/images/summer-august-classes-6-1-25.jpg.webp,f9ff64c9cc69e6208278aa5718c8a3f3d3cf6f7f92fe0ff649840fff15ac51cc,29fd9413c100c32fe953fe433890bf6c2e4716b678a8db0dc1e04c4087936e0f
public/images/summer-august.jpg,archived-to-drive,2641943,431354,3300,2550,1920,1484,,public/images/summer-august.jpg.webp,8ff04e10720d09a5cc0787c9375fa92fd6996414081c7e7b4edb9a8c844f221c,712a6680fea119cf24de1615bc39674d729848eedd65c4c40075f91576b74808
public/images/summer-ballet-camp-la-crosse.jpg,retained,1196621,259003,1800,1200,1800,1200,,,b3d50ddaca464552e7182107f98e0da74f94bc50c32dea56fa498ebd2d58db86,0ff5a1896bb1d1aae8dc097a16854a4475e82f6452d6d48a3a37a24df7cebedc
public/images/summer-july-classes-6-1-25.jpg,archived-to-drive,1508543,280264,1650,1275,1650,1275,,public/images/summer-july-classes-6-1-25.jpg.webp,81e849fdd7e77a33b509163f590cb2df748a6d14a98309a36a35a6196ca73bf7,4445ec44e776b9c860ce6d97c90f896c6fc07893530f948f2d905cec0182e818
public/images/summer-july.jpg,archived-to-drive,2873907,464896,3300,2550,1920,1484,,public/images/summer-july.jpg.webp,6e39eeef6e9eb481028f265d1e8a62d90760a0ddcaf818522ba042d7407b23ac,bb848fd684cb3130e5de161098361811b06ee2fe752937821b182d597ce026f3
public/images/summer-june-classes-6-1-25.jpg,archived-to-drive,1399318,269798,1650,1275,1650,1275,,public/images/summer-june-classes-6-1-25.jpg.webp,5dc5ad822e16c32341cafdca60cc3e510583950f5a365d36da6906524e69da0a,2988abd9bfca83811688760b70d46af97958236b1f83a2dfb12c24dd06bb64d2
public/images/summer-june.jpg,archived-to-drive,2683708,464638,3300,2550,1920,1484,,public/images/summer-june.jpg.webp,50121af7e15290dd5a42b4d72fc48c17f677bd9ee3e7e2554d44ee40289d3bed,dd2910c6d392b222e313b4d20c8ce10d3a01343149340721bf6976f2ec44d32e
public/images/summer1.jpg,retained,405779,174856,1650,1275,1650,1275,,,b9aeea762347accf1da77be7b61f47115fec4c8926cafc0a2cb15727bf705a61,8f77a557170dd77104d24f9d1b8f62c10a71f06c6fddb309ed0fa60ef4289641
public/images/summer2.jpg,archived-to-drive,818591,335288,1650,1275,1650,1275,,public/images/summer2.jpg.webp,207d3745d6c43090f8f7b17dc5b251348ed0d7bf528d808a78b4eca233ff7dee,83f6da44305eb5b120090adf4428a512192171885e106e3b62c22acc80dd928a
public/images/summer3.jpg,archived-to-drive,718332,295124,1650,1275,1650,1275,,public/images/summer3.jpg.webp,37d616d56dd08ca0d376c38fb345b2ece2dc4807839c467d1b97a83c86ad2545,657be9b741d6e7af2ad229b1b0390bb450f0d8ae25c1fe2e387551177c949900
public/images/summer4.jpg,archived-to-drive,589998,240622,1650,1275,1650,1275,,public/images/summer4.jpg.webp,2182249c88e582bea8f06b8fc4d14cabf084afdcd200a04afdcd79aa16c947e0,881707aef8cc53c47c075aabd56aebe7ad38e03a2fd31be66f859e65f6094648
public/images/TAP-Adventures.png,retained,19232,11930,1303,116,1303,116,,,dedf74b4b0aa74e54de9b51b7d4318c28e6f256eef08c8e32569cedefbc01d00,38f1d4010474d493c4b2e3e2103d8f9849e918774ff8b578851c06f1f1b9ab1c
public/images/teacher-af.jpg,retained,64026,50341,461,645,461,645,,,29f855890cf2fc47addc5f22bef615d95b32d9f9fbddac06d8eec335c3ec2b00,c311040dabb99506c31e59e9cb2f38f17fda705f9cd232a7673d4bd261826303
public/images/teacher-as.jpg,retained,56034,44257,461,645,461,645,,,7d12b596776d3e6c93b39ad56276c2f6dde1f9a3c43b6d7e06e4ff2b27b22b2a,d7dd4fdddc54cd8a5b8d12f1927ba7bf864b4d393f0a099f7cd5dc89c9ab68f2
public/images/teacher-aw.jpg,retained,37426,35643,461,645,461,645,,,7afe50a02064d97e9e3dc06d4af0f9111dbb21c4bca34718fd62e92747b41680,a9a42b0e89b5ad5b572bd3fb96c7c6104860e7c82f0a18479aa445b61edd7559
public/images/teacher-cr.jpg,archived-to-drive,40110,28176,461,645,461,645,,public/images/teacher-cr.jpg.webp,96df15eab5ff8e0f2f5676fc1edc8805f9827359f65301eab77c5c5366e04662,0ae4efe4fd1ff0dc9b5608bdb6d9620e93445717477a0c4f6cbcfc3a5fb4eb40
public/images/teacher-deb.jpg,retained,56688,44655,461,645,461,645,,,bb3a96f46e3817667cb6de472a3f722e11511f60223fd9bf1b06671b371f8490,f6e81ac3193b75bc5cb166b37fc3d0d4455a34e1ea81495bb762de59e81879c9
public/images/teacher-dw.jpg,retained,48366,37989,461,645,461,645,,,42556fe68e3ea420c1c6925a443d2149254b6eb8dda1dfbec3e9246d005c3002,da1c5a84c5697afb2bc5e3b466fca6c296cf5a292c6672bc1b03b5a6837842b7
public/images/teacher-emily.jpg,retained,82917,35432,457,640,457,640,,,26864e1aacf86c804762edef0bd3c8728b97a2a30940e18e66d03b31a94152cd,2ae970041e6594ec164abd8ce7754bd3ff4dc94f399626f79144dc25837211b1
public/images/teacher-keagan.jpg,retained,74053,31935,457,640,457,640,,,30cadcc0ed7d7be18d8ef6ddf0e01e49cd36eaf4c45e54a64e57ae2de23b9ddf,e01f15d06b480ea5e5f7d107e0fac0c4cb1b5461ef782149b36326ec46e1ea86
public/images/teacher-kris.jpg,retained,628236,401359,1500,2100,1500,2100,,,79e08c88a9bdb43016a409af891a13fa1e1fb2d026749b4b63a12e27bc777d99,b83e4fb555feeba85a72616b68bf14ec0b30886575527e1ae1e57e5fef4bff30
public/images/teacher-lo.jpg,retained,64852,51016,461,645,461,645,,,6c346b2e2e584d8e83faabb6960c9a3c00d87d62f145f587374e4cf84c65ea45,a5afd2e12a9d8dd5bdaf0c28988233f997e88ed66b62a86bc837488ffd7d29f6
public/images/teacher-misty.jpg,retained,74923,33091,457,640,457,640,,,6ede4fd0c2ca5cdf6183639d8fdfa804df8a58726bf18926cd78910c0d89ba91,b525dd9117fb109aeaa00b3c5aafc554370f1e76e3b08544108d3818b3d8fe48
public/images/teacher-of-the-month.jpg,archived-to-drive,70274,19758,461,645,461,645,,public/images/teacher-of-the-month.jpg.webp,dfdece69737530d04a71c64847fe8975a727fd3e41af686ac2da54545642026a,3ffd5d493ea238281a9541ade270f0031d9ac808a542edec345cdef446152960
public/images/teacher-of-the-month.png,retained,200472,196504,461,645,461,645,public/images/teacher-of-the-month.png.webp,,fe0748bb79d954e7d3641f6b48e6ec8ceb74c5664fc1e3fd7e99f4010fd5d184,c94f06ccbec7d486353a9f3c71cb4c356241b88c17e2c0c85348e62c441a974b
public/images/teacher-sandy.jpg,retained,522649,335408,1500,2100,1500,2100,,,ce4c86aaf6c6333e477cd01ca822403e460391e06b5e6f60c10b3e60e1f677d2,dfb0099689e15856e8c7561dcf559ec845de35ae8e9adeb541dcd6a5329ab079
public/images/teacher-tf.jpg,archived-to-drive,206230,93986,922,1290,922,1290,,public/images/teacher-tf.jpg.webp,36095f2a55fa83fb9cac8a21c7551e834cfc16ec70851114f7ddac36790bf75e,6b481027082f4a43fb2895c9d9069b8af74030ae31ae2c1ca345934dc4e00776
public/images/teacher-toni.jpg,archived-to-drive,508883,184672,1500,2100,1500,2100,,public/images/teacher-toni.jpg.webp,de0c92bdd9e28bba505d5f0895f7fbd61323f7ab60b9f633919198aecbd39166,566e79c86f7e106c8d610c34e502afdbaa74a37097c4309728b5bfec92b1b23d
public/images/teacher1.jpg,retained,75444,59525,461,645,461,645,,,469ef19549c9cb8df5d2e6eed63ca4a3b69782d5c75015b86ba53b14e9c10114,1abf74ec0c90f5aa3c6cf02218f7376b06f722522be24c3c201caef63ec2a833
public/images/teacher10.jpg,retained,198810,155323,922,1290,922,1290,,,4b2611140c4041281c7097c3de57709197d4406d6c2198acf3abb7bc3b37d620,c5e853d61d0018e56c625c046d458258ec43116f1666a2223b9e35769b48c46a
public/images/teacher11.jpg,retained,190019,148682,922,1290,922,1290,,,a27f43cf94806ba87704cf7be4aa2e75531c59be8f95ae43d2d26448227fa905,d58ff465b8f2629e1190ca80f9d8e3d8b4394b9cc0aca152b6b14dadcb6b0e19
public/images/teacher12.jpg,retained,194062,152081,922,1290,922,1290,,,5ee8d5d9a4c75ddeeb55fd838de8efec4afa60402e9e036c3f984dc49a2e6795,6c6bfb30ce5114ed153c1b21ba301015ca892c17ba9b45fabcda6e26b82aaa40
public/images/teacher2.jpg,retained,59566,47221,461,645,461,645,,,d126bc6fca158af3e416149b24c917b598f85131e359d89f21d12f83663513a0,721bebcc552bbcbb56fda1a43d2a10f540248e042691636889d3859b5c000563
public/images/teacher3.jpg,retained,51510,40517,461,645,461,645,,,5c56ac500635555bc584883a556ba6bcc7a0ceba376625f647639b7ff1390408,937cc29fc0f2b68b6a3bff50a4909a412c9a6e964ca35fbbed1c1429bbcbf19a
public/images/teacher4.jpg,archived-to-drive,56598,39354,457,640,457,640,,public/images/teacher4.jpg.webp,aef19a701256a3bc416b9964b8e7fb199a4bdfffc6f7f0e7aa91346b9089e562,9ebe8cdce5738308b893289aa95b4a91fe2522a5b04f1e97e029613b38d93bde
public/images/teacher5.jpg,retained,157387,121988,922,1290,922,1290,,,7e9e2b413475c3ce120c36c64d225096f20f053b039ac344cc713f918a53fc51,26baa13a55c885071f75a7c400c2cb53a88631a5af929335a8cfb920a3a7151d
public/images/teacher6.jpg,retained,206230,161996,922,1290,922,1290,,,36095f2a55fa83fb9cac8a21c7551e834cfc16ec70851114f7ddac36790bf75e,43848080721eaf7c08b82f116baf0554508d6e773b0a3f3a67aed5725af9378a
public/images/teacher7.jpg,archived-to-drive,192732,88190,922,1290,922,1290,,public/images/teacher7.jpg.webp,a820c7778e62005bb73be50672645f1149904a96547b04dda79ca729e74b6dd4,c92475aeb6f2158cefb48ba432803f2a40511484eb3a849739ca025c0b06ee8c
public/images/temp-summer.jpg,retained,1133791,227780,1800,1062,1800,1062,,,61718dd0bb6ea314aad4d75564d85fef2919c2325e30ec253f016a8c87c94b4d,11297cf14d4fa6599b9d87015ab00070b16bd4fb15404cf47c6cf5f3eafc6a0a
public/images/third-option-classroom-1.png,retained,537124,530692,799,777,799,777,public/images/third-option-classroom-1.png.webp,,886e994d2ff1d1ed7c562d9f981d15d212b5aeb848fee494140f8581a75e5f31,325d215f327f53496496087a485b38e0c4473bb4fde421ede898b06e07858443
public/images/third-option-classroom-2.png,retained,583164,575805,809,789,809,789,public/images/third-option-classroom-2.png.webp,,a6bc540acb8e0517a6d311e38d7a86839e451b8bc228ca1fec90b8721aaecfb7,1613c9e0d4ef29455274359d5356bcdd011ee1d2b5b54df21e66c3a80a7da2e8
public/images/third-option-classroom-3.png,retained,434382,424959,843,819,843,819,public/images/third-option-classroom-3.png.webp,,ea5163b60eb2df0299db0874804214e7319e98b64c98ceb935a1fbc08d9935f8,9838d01301a5bba4dcc930d9abca98d27aa8dd36db7f5839c2c68b58325845e9
public/images/third-option-classroom-4.png,retained,438079,431753,747,724,747,724,public/images/third-option-classroom-4.png.webp,,c640d5a74342244ecbe04f8060f76d86f2b4724894f403cfaa4a88cba5074b99,e3ec0bc32acdc0db4b9c35d29beb77a5b0c9b8403864539e551db367039e8a04
public/images/third-option-classroom-5.png,retained,368799,360929,799,777,799,777,public/images/third-option-classroom-5.png.webp,,244aab50fe894f99a0f0130921be52a76ff9eee86397e33ec9fec011fc966462,bf8b1f80d2b82f229d554f34baba16152fba1df3404370de666eb9262b1dcf03
public/images/third-option-classroom-6.png,retained,391280,383947,799,777,799,777,public/images/third-option-classroom-6.png.webp,,2983f7dcc36c5dd32c9bc57b3013f88727ed3ed970c9f8af2fa8a78258642c82,789d30d1bf455f61b2a91f4b16733c19ed910d840eea0ce8224b6f7f229143d1
public/images/third-option-classroom-7.png,retained,498294,491427,799,777,799,777,public/images/third-option-classroom-7.png.webp,,eec0f7e7715b632a7f5a2eebb1dd02c9b87a211850e0191bf36f0ff10ce9dc41,8c01551446f23da72d22d23dad217cf8ea96bbf3b2716b91acb9e2ee7e22dff5
public/images/third-option-classroom.png,archived-to-drive,51490,7730,192,187,192,187,,public/images/third-option-classroom.png.webp,cd4dc725460bff42959cc9c8f4a80b3788e63de778ec778ee2d2d223d9a4fe64,62fd459b96dc8ff4b20b8e048a4ffbc2614f73504fe5663cf8b4f7b6bfa9c721
public/images/third-option-learning-hub-2.jpg,retained,609596,340358,1313,1688,1313,1688,,,453c41c00a9382ae55cfa18b6dda47340a83793a578ce266b7ec1f408bf26479,f4e38a178b5433d2330854569727af5eaee32f9ad2beb6eff24acd9e80fa6ac2
public/images/third-option-learning-hub-ribbon.png,retained,123898,123898,2473,756,2473,756,public/images/third-option-learning-hub-ribbon.png.webp,,35feeb69db8fce957914d77406ddd7a98dd509e4e4a8ee45f0f5e39722283cc5,35feeb69db8fce957914d77406ddd7a98dd509e4e4a8ee45f0f5e39722283cc5
public/images/thirdoption-arts.jpg,retained,1048724,134413,4356,3083,1920,1359,,,7130e229940b466b83a3e15ec304e846da028bae59edf580bff812f44116c857,d9327e1df6091e284e3947351abd8d1430d1bce871319ae14c8051a5df06937b
public/images/to-student-1.png,archived-to-drive,485459,31036,663,663,663,663,,public/images/to-student-1.png.webp,c7ae299c32980682ef81549930d4bee98795e19d01e2505c6ba71689679e3159,659368bdf4b958c4aa96df2949ce5fedfaf72369ef63bc1902642c8eba2c5f64
public/images/to-student-2.png,archived-to-drive,573047,46548,663,663,663,663,,public/images/to-student-2.png.webp,fc27c0a1ce53cd2051b3bc4361bff42f0cd23c9c571e5c0968d5823d97e26358,6d3d312cdf370dce3b9f98110bbb616c13520047051ade3cc1df981dfa98751e
public/images/to-student-3.png,archived-to-drive,446679,30818,663,663,663,663,,public/images/to-student-3.png.webp,72de436632fb6b6f73a5eed14d191a63b23db5a57654dfe8ba841aae96a63258,c58fe6df0e2fdd22d1a02279959ea40294027f3e586889744c56fab2b002b8b6
public/images/to-student-4.png,archived-to-drive,641758,45744,724,724,724,724,,public/images/to-student-4.png.webp,bedb91206f5cd10498751435f655e7b3a020c2bb67c98698381b13df2c9de47a,b7c8607e92dad864a4c711dc0460939c894b5b4f83fe13ffeccbeb12816da504
public/images/toddler-dance-classes-in-la-crosse.jpg,retained,215033,108169,3000,2400,1920,1536,,,d9398eaa1be67168f04de9bd86c120b5607afe1f580957d05df8f224286f3e9a,ee73c221ec8d6cdcb7eaa0ae77417248c172411101a008b0ca84882f3d0d9cf5
public/images/toddler-dance-classes-la-crosse-wi.jpg,archived-to-drive,189727,50770,1000,569,1000,569,,public/images/toddler-dance-classes-la-crosse-wi.jpg.webp,090ed936ff5f147ca0f0a081490b235e2d41bcfd5ea35020023a3401c86177d3,f38adb4d165a97eea20efe8f07b941a91ab3e4a944797a077436ffb6361c6fbf
public/images/tomah-dance-team.jpg,retained,3593006,360864,5933,4160,1920,1346,,,28fd5cff71a447aa807104fb8d7096b61b9cfa23bd7262ef261e093604b2e17f,859af622ef588584dec98e8fe576d2e3504b1b65b375df9b2116317e59420fc6
public/images/tumble-classes-la-crosse.jpg,retained,987365,186289,1800,1200,1800,1200,,,fae4914b6692e79bcd5bfe36570b4833b517e32d7e24aa947f887ae63602ef75,e2fec75afdfc85ff188bd2cfdca58a1c1662025bfd5a54597fed62a1774c7a32
public/images/tumble-la-crosse.jpg,retained,201022,115160,1920,2400,1920,2400,,,fcb7b557e77f92fcb5ee11b0a843ff3f91bfece3249875158865b8c501ddc9e2,a0973a52630b4acbea7b8e0e0698c064f58291d2e808acc539f1e17362f2dbfb
public/images/virtual-recital-invite.jpg,archived-to-drive,889400,292508,1500,2100,1500,2100,,public/images/virtual-recital-invite.jpg.webp,821494838ef57a42e67821e81ba79eb296cb9e072d9e72b8406d4241856dd353,5e63296b1be4bf36fe8a00fe47b1b7740a0bee1f8966ba08ac91943a175fd4c9
public/images/virtualauditions.jpg,archived-to-drive,390480,151042,1275,1650,1275,1650,,public/images/virtualauditions.jpg.webp,649518b0039da80fbdc37d1a130026ab20a2be4023c1630cf8999c8524126440,45ba297a57bca3396d6eb86b2e3be2bf99e2d4ad0fc4b1a1a031cdc852f31ad1
public/images/Website-color-banner.png,retained,1506634,1492357,1660,450,1660,450,public/images/Website-color-banner.png.webp,,9b3fa4a8b2ebeb72176defee666068da2861fe2a7508fe36e7aa1f6b0efeabe6,a6cc5e1ab662952240e7b543225c983ad8a9a3f914e2adfc306eae879fca0fb4
public/images/weddingpageant.png,retained,266387,255023,768,386,768,386,public/images/weddingpageant.png.webp,,11468e7268caafcad2763d8502f6cbd0a82ac8385d598b5d3f24d3b9ca9ab856,b9472bfb47f712451670e445a40253c2bbf65567cbe4b3e7e6a26fc0e232268c
public/images/west-salem-dance-classes.jpg,retained,72692,65743,835,552,835,552,,,26ad7f7ad539e8d603fbfd137ed5c4a7e468a0c28a0319428574c52e0ae2620b,78b491b8ba13d6c4b94e4a1b1c6440c76778ef102620e1ef57a4b6e824d13b08
public/images/west-salem-dance-lessons.jpg,retained,302328,302328,1440,1440,1440,1440,,,5bf883a454907b99f1ffb9bd0ab351cfce22cfc73f452c97db34381cd1c0370d,5bf883a454907b99f1ffb9bd0ab351cfce22cfc73f452c97db34381cd1c0370d
public/images/west-salem-dance-studios.jpg,retained,116260,114980,1080,616,1080,616,,,20660012acd9fba74533508c357610b9fbfaaa5299aa04472eaa979002ecf89f,38345891974a5f920ccd28bd33eadb7ad0773743d6f10d118473997949001848
public/images/west-salem-dance-team.jpg,retained,1884319,165084,6240,4160,1920,1280,,,13d6199e6babe4e7d388686cec3631f21d6a429e965652feb4681e68d26fe827,abfb1aaff2c4b874f6c1d5fd786b9cc1045f8d5f11fbc4d555bf518e08b5fc50
public/images/ypad-badge.png,retained,83704,83704,786,925,786,925,public/images/ypad-badge.png.webp,,2f3db205a70d35588915aa7166d125def546d733b1d78294e58f9031feba440d,2f3db205a70d35588915aa7166d125def546d733b1d78294e58f9031feba440d
public/images/ypad-logo-rotate.png,retained,87923,85504,248,250,248,250,public/images/ypad-logo-rotate.png.webp,,71e6f905d16925877383f5a98730584d4040f945ae1f0a69aed52b08fe4bda5b,8bb3a7b4c278129fc8206a34e7ecef9e1a813f141fc40cc16980f7f3017ff143
public/images-lava/about-us-mistys-dance.jpg,retained,3893283,203407,4794,2336,1920,936,,,29a45b160af82f22fc0884341ce79ef4796feeefaaf258dc19cefc8574af7e50,21502dc65765f4bf4decf4aeb5e6656100bd21a1a1042d436a485c5eb6fa8c86
public/images-lava/alumni-thumb.png,retained,68333,64885,1280,720,1280,720,public/images-lava/alumni-thumb.png.webp,,1df112f33c7c8f8ff035e6c5c2bdfb70c83cda3f6213980a477d7541c9c82d07,bacaf557de23aba90d06e6c6cb9fd4d7e010b17eb03844781c9f619fea5499ae
public/images-lava/ballerina-tutu.png,archived-to-drive,151611,25832,682,594,682,594,,public/images-lava/ballerina-tutu.png.webp,e27bd08fa098e75664a6c15e6ee23996c0d189f04163fac45234fd15bece6c55,341fbe51699acdddd9d9c382e975ef4e1b33be1f8f852fefb8b62787fc25787d
public/images-lava/banner-smile.jpg,retained,2259440,181031,3000,1467,1920,939,,,9d0ddb56277a660b535ca51cc5af2ff18fb4304db73d792c6eb82e79f8ed6f20,0ce1bea9fb5b2bb1e1c86faf8b8ff863b71edd817c58477564ee8c2ee70d6c66
public/images-lava/big-kids.jpg,retained,593421,333357,1800,1400,1800,1400,,,dd0e1af2cae0b912f8162ddddcf2d78e30922fb04d74c9e0177a3d766ceb83b8,22c2763078837f153f3acb40849b5dff7f88b41fce2eaa6cafe51611204df9e6
public/images-lava/blog-1.png,retained,1157873,1135443,1080,1080,1080,1080,public/images-lava/blog-1.png.webp,,64b6596aaf00554312093d2d134eb05fed417e9bba2041144e43277b34768b99,7e07b7eefffcea68b5bb1b2959217d5c30998f3c2de4ced1dc666b8fa5829540
public/images-lava/blogs-1.png,archived-to-drive,852871,71990,1080,1080,1080,1080,,public/images-lava/blogs-1.png.webp,7f6c4a426c753fb547bb1cb5b3e6071e7e432062a7872d90a1768da09a4b84b7,db7d0f59d58c1e1f979b6ba41c4f48892a971075cbf23cdcc6c4236f0db535c1
public/images-lava/blogs-2.png,archived-to-drive,1157873,105586,1080,1080,1080,1080,,public/images-lava/blogs-2.png.webp,64b6596aaf00554312093d2d134eb05fed417e9bba2041144e43277b34768b99,44d129c4817229ffef46d1be29349e6734985490d6639b3cada824749473bffc
public/images-lava/blogs-3.png,archived-to-drive,1036170,90042,1080,1080,1080,1080,,public/images-lava/blogs-3.png.webp,7cae9471e490b744242c805004436b7d0f14c7a764d0393ccb9df4d4c70e5e06,c7a23cc408f4ffce97bfb40c5d545d3296061172054895db6143c672dd47c64e
public/images-lava/blogs-4.png,archived-to-drive,862235,59596,1080,1080,1080,1080,,public/images-lava/blogs-4.png.webp,da222ceb185c12d27f9eae1d65f8b313a0453f3ef0c11fe55136b7c1d3010758,f0937c9e70e791923ad76ac9bdaf1a5630fd0bb041ba586c2ecc9d11e5e65b19
public/images-lava/class-adult.jpg,archived-to-drive,373467,124378,1500,1167,1500,1167,,public/images-lava/class-adult.jpg.webp,615a8da971ef500153d3856229f26da8e5459630a8feec138729e8f0e559bd2c,5ff2df7e96cddccfca0078a65c309288ac450f9f0e31d5ad10bb2ae8f15a0af6
public/images-lava/class-ages5-9.jpg,archived-to-drive,947178,126928,3000,2400,1920,1536,,public/images-lava/class-ages5-9.jpg.webp,b3ca50f83a775afb38e15dce930a543f0c55965244ebdeb5d5a5a271a0103601,3d93b8fdb930765353c2fd40cc3a8b62b3187bb84c43d9586797b4d9d53d114a
public/images-lava/class-big-kids.jpg,archived-to-drive,593421,213868,1800,1400,1800,1400,,public/images-lava/class-big-kids.jpg.webp,dd0e1af2cae0b912f8162ddddcf2d78e30922fb04d74c9e0177a3d766ceb83b8,cc99a611f560b2e14a9cf34a995b72c13da6c31f655d0148976cfa1513f3ece9
public/images-lava/class-BLC.jpg,archived-to-drive,403997,145638,1500,1167,1500,1167,,public/images-lava/class-BLC.jpg.webp,2d68c279e4b39dfb5f3812f03ff603d04c8419597cf22c29e3ae6bd8b09440b0,ec9761c2772066129a7614e0052e16b5b4f817b38abb54caf2d5f312f7a03736
public/images-lava/class-little.jpg,archived-to-drive,259774,72874,3000,2400,1920,1536,,public/images-lava/class-little.jpg.webp,587abdd45a8b4aa010c37a0eecce2bf70bb6ba25bfd3193ef65a823e61c2e926,f18578f93c354450b5ce94ec8c6559cea7a8ea85111f5a5831d37740b22e0026
public/images-lava/class-littles.jpg,archived-to-drive,376346,92614,1800,1400,1800,1400,,public/images-lava/class-littles.jpg.webp,2a859c6c2b0babba92334939ce62fb99b2b3e161c117b907f0fd24cc9cd813df,1465f1b0e46a2e4c490e42dc5bc1acbe7388fce2ce49bcf1af7942d1269d8c81
public/images-lava/class-pg.jpg,archived-to-drive,1166204,606186,1800,1400,1800,1400,,public/images-lava/class-pg.jpg.webp,2e72639411e37a6a861306730e81e374f2466a5065a710f6bbc4a721486bcfb8,ec4b5a996bffc0c036050a8abff52f7dfd2a4fd0895f6a3482582365e043457e
public/images-lava/class-prepro.jpg,archived-to-drive,633260,164122,2100,1620,1920,1481,,public/images-lava/class-prepro.jpg.webp,5ed4d16987d7445998112b87f7796c734a1b51715c11a6e78d7dc4cf06f83cff,6b6a2bd1d6bff3b357e97efcce3e3788cd8a5b3afedf861d69c3f0e22b3949a0
public/images-lava/cta-dance-classes-la-crosse.png,retained,220639,217052,914,562,914,562,public/images-lava/cta-dance-classes-la-crosse.png.webp,,8662ea9dc1188f23be4e58f2701b6ec5bf9d5bc9a96a53828e04b05f498601f5,d12e804201f60166064f77c15b7e51a566bb1da53cd57667ee371dd8f437edad
public/images-lava/cta-img.png,archived-to-drive,454936,43402,914,1280,914,1280,,public/images-lava/cta-img.png.webp,528509ec947e248185fda5209aede0003d64baddc1fb6b69489d8c92c47145c3,a95ab4c8636a4375bcaf6ff782b29f34186bc87bae24aad7163660ee160219cb
public/images-lava/dancer-huddle.png,retained,824365,696610,911,749,911,749,public/images-lava/dancer-huddle.png.webp,,e97fb9d7c3b588ee976acc774ec186aae0493add8c325e63efe259691c5f2356,c2bc197af687b57cae3f0d58d14eaf96a4c3fc62905686d19d99fef1be6c3a05
public/images-lava/darbys-1.jpg,retained,993247,175801,1800,1200,1800,1200,,,ceccd5f4e86c0681339eed67fcd428bde26c37a1784472050c7c1f3f9aa371fb,22df224b1224372cfbab4854b1cbfb189aef54c068516f6bbf1dfbf425e7908d
public/images-lava/darbys-dance-la-crosse.jpg,retained,369837,65514,900,600,900,600,,,004efc8d30d3e79acf8d015159507a26992529e6a96d143631b287cc7e189fd7,6214562d6acab4527fdd547b065840504b14a0fae2affde0becf130eb6bae8a7
public/images-lava/darbys-dancers-logo.jpeg,retained,17247,10853,477,266,477,266,,,b1308155dce763683189ac434aec1b41bb24ef47035a1e685d58b3c56404ad41,a3425d6e8af113b68e839ecd0b396ba1d6048ceab0b58550c92f0700251b87f1
public/images-lava/employment.jpg,retained,2816278,281902,3000,2400,1920,1536,,,53a8f982debc84fa9cb03b44bccb9641d50477bc0e04e1a450b2e2fea8fe9681,f28e07978c9b81f7a0cc35a950e6ca4e1f99497db82e14ea073e5c6f19faa137
public/images-lava/Fairytale-Ballet.png,retained,23289,13983,1249,217,1249,217,,,9aee7a3ae4ef024e26f45f7a865038ef3165e963ad1248b5e5f42f4adb1fdfbf,b122cd825f8c9c4da4489f30d1df1f2e5fa053f478bc7a021abdb30fc7485bf3
public/images-lava/find-joy-in-dance-la-crosse.png,retained,999177,884025,1120,1280,1120,1280,public/images-lava/find-joy-in-dance-la-crosse.png.webp,,6e8ee37989be405de9d0d4af94d25b75019d714727c6794d52c902095f977e88,308bfc73e913af31cddccf3414889d76eae2121c9538371f50a3b9e9a7931bea
public/images-lava/gauranteed-best-dance-la-crosse.png,retained,62014,58669,418,315,418,315,public/images-lava/gauranteed-best-dance-la-crosse.png.webp,,db313292649edcbaf910ef67eb96f0b6aa40b86070abd093f81a180e8c1439f5,d3cef5aa0b8c7b31891768fc94f925541ff70ffeb8443f8f76b9504803914c98
public/images-lava/graded-summer-dance-classes-la-crosse-1.jpg,retained,785674,225522,1650,1275,1650,1275,,,169853b52a6363b780930566ec9bb3933de7ebd934879fcdebb74d05bb7a985a,25407549a291ac90ec9e550ea84ad13de429201c85050cd41f2e7307df702d4d
public/images-lava/graded-summer-dance-classes-la-crosse-2.jpg,retained,773843,201913,1650,1275,1650,1275,,,e99a221d97081f2399be572752ca778b1bb9f2d84f972b857771a824f0eec9c1,4cf499c8cf88d06d62bdd6425140d2e512fb17f81b14ba9135b298f0666af99a
public/images-lava/graded-summer-dance-classes-la-crosse-3.jpg,retained,1085633,355202,1650,1275,1650,1275,,,2a584ff30bab7d24765dd7c242b620942739b9190b2268be22381dda7eed9092,6782a3ef0fd74e95df3049cc5c034882ea5d7a5db0af58ad45befe0e5925e19d
public/images-lava/graded-summer-dance-classes-la-crosse-4.jpg,retained,777592,220019,1650,1275,1650,1275,,,58cbd23d57043dd08f7ffc9811aeb460c9009b44b8c15106019e4c625ba49971,f4094ef42b878ecbd874c6f5691d294195370b136533a7f59ce552bb17758dbe
public/images-lava/graded-summer-dance-classes-la-crosse-5.jpg,retained,1168803,382532,1650,1275,1650,1275,,,6d330f588770c2532044938845af445269ef7ccce602a3b152e09827b139f6b6,66788a3ce17c7f2c5ba91cfa9ade48e8ad411f7ad750dc1866fc41d540ae6bb1
public/images-lava/graded-summer-dance-classes-la-crosse-6.jpg,retained,1382993,397005,1650,1275,1650,1275,,,36d5078b23a0bedd05ce2595be214f45bec4fa749dd41206703b3a7e6e371337,76e6c555528c00228715332b520ab1f810132373449b139586d36ff485c64ec6
public/images-lava/happy-dancer-2.png,retained,134705,116911,500,500,500,500,public/images-lava/happy-dancer-2.png.webp,,9948340896d25e68e84295d997558d1113f82f3e52ba7f9b48ee065bfe97d85d,860c3a05ef63ad8dadabf7ff5a9057679648cac25537c7b2167d4312ed5a5ed1
public/images-lava/happy-dancer-flip.png,archived-to-drive,150731,21272,453,550,453,550,,public/images-lava/happy-dancer-flip.png.webp,92d95fd0641874772eaf9f5b7877e4b616e86a8241c407ae77cdcf6fac969115,c752f84001f99e0dc61e4218ff9d9c758d5e544b1c970f58733f91af8243121a
public/images-lava/happy-dancer.png,retained,154214,134017,453,551,453,551,public/images-lava/happy-dancer.png.webp,,39aca1e197a72afb41fd4cb72a4a3a4e04f3c7de04ee8274ebe24ba4efec3818,724a1f88ac51ce89d654681ae520b8a18656a84dec77e8f4daa9399aedf08c9b
public/images-lava/happy-healthy-safe-dance-la-crosse.png,retained,402286,398451,1024,1095,1024,1095,public/images-lava/happy-healthy-safe-dance-la-crosse.png.webp,,5d81c1e67a5a7d642705ef375b5e08bcd77b626ccf55994d01ea74c78c40f49c,bf3a2d6f192c291b43a3c4c77ef34672ec64764789545febfc5a3ace6dae6145
public/images-lava/if-you-let-me-dance-poster.png,archived-to-drive,2376150,32846,2560,1440,1280,720,,public/images-lava/if-you-let-me-dance-poster.png.webp,92c021bab6fe2c12a2c5d014d608fa6079375c5d00c496b70bfa4f2ac0f19982,ba35ce1bef3ca0c2a522af54a3ad2f37b6b23e28cede59b6aa6fe9c73fe57a4c
public/images-lava/joy-img.png,archived-to-drive,82745,12358,309,455,309,455,,public/images-lava/joy-img.png.webp,2a14ac2ca390428af1404ef03be58ca17950930a2f738f87995e51741e2d794e,d4a7bb059ea3ff888a973855e56479be51ee71ba629294ed239c575e12ec8819
public/images-lava/la-crosse-dance-class-boys.jpg,archived-to-drive,632521,149788,2100,1650,1920,1509,,public/images-lava/la-crosse-dance-class-boys.jpg.webp,3ef0d6bfdc34369747fb135f7c5fbaaab1dd3244f7d009cdccbbc4d275789086,840b424b4e15acde53b4887f93bbe6e8d310aed144b635e458c7705a793dc061
public/images-lava/la-crosse-dance-classes-1-2.jpg,retained,830246,132030,1500,2100,1500,2100,,,f0b4c6bb43bae87d94b545be9d02d09b1a5e62bf69e5202d0f20876e157052e2,c516d6065109677a08db3b100b7e8da16df59fa1c5496cc26361453b4c661891
public/images-lava/la-crosse-dance-classes-3-4.jpg,retained,649029,90951,1500,2100,1500,2100,,,31277ab37ea0648a88a4c3e63eee05f5a40807a9045c115512e3ee381ebb83a1,c3d39bf7d6222b5bab9db47d6a07ea72480d060bda34b83accb553958251d0f2
public/images-lava/la-crosse-dance-classes-5-6-resize.jpg,retained,935611,95206,1500,2100,1500,2100,,,dee72864a9446a3071608b7ef6618e3789e423e97bf0009e8f65b1df00a11d53,24986809efd74b1351d60e9dd3434d6fcd0baf5a69bd02508fa60963c5b9c3a8
public/images-lava/la-crosse-dance-classes-5-6.jpg,archived-to-drive,1244584,52830,2400,3000,1920,2400,,public/images-lava/la-crosse-dance-classes-5-6.jpg.webp,e9ca9d00e6b19e08794ce31c8b8e47048dcf5b7073aae4b2e6c62ba07fb15c1a,b196eae7e10a6d4e3039c7633fb4b2a1cbdc988339c288797cfd82307c3ee3e9
public/images-lava/la-crosse-dance-classes-7-8.jpg,retained,536790,73646,1500,2100,1500,2100,,,1abf8365cf87111bca9d5da5a65b6da66e46059c504ca98629d4587438d954f8,19d15db3dd0e8d0a33dcf8fd163ee78b22fe2d2050a6282e2a7c32c57b0e1c72
public/images-lava/la-crosse-dance-classes-9-12.jpg,retained,680342,99696,1500,2100,1500,2100,,,dadff7f74ed02f63a6dd8635ada211d0cd90341dfac235c69c674f067abccd44,00e8fe0c66464be3a2d9fc31c7df055014458ca92f7d267a203ddc583085d3ed
public/images-lava/la-crosse-dance-classes-guys.jpg,retained,660743,99450,1500,2100,1500,2100,,,2ae138ff988a90f12597794caec1776de7c2772418bf5fb7cdaaf354dc7f9bf1,50f5ada4716b8d2a4cc76b807d13c80b9455e0938423a06b1ff9cfa64021f100
public/images-lava/la-crosse-dance-classes-schedule.jpg,archived-to-drive,1474624,64204,3000,2400,1920,1536,,public/images-lava/la-crosse-dance-classes-schedule.jpg.webp,3bc122065df207c4c71405a33d7f2c10f688a93e3378709c250f8c08ea80f756,f0e8388ace5b05cbdda6c876bebf3f6b2feada623e822c23d2acae53e534be4c
public/images-lava/la-crosse-dance-classes-teens.jpg,retained,694429,102069,1500,2100,1500,2100,,,8290fb91e8c5040b447af875530b09c7eef9f4360d9523986cedd769ac31bff4,8b377156900efd02f0246eb044b94a58f9a20cac4e438ec8f8b7601695b8cf9e
public/images-lava/la-crosse-dance-makes-great-kids.jpg,retained,307314,116762,1575,777,1575,777,,,c85c4b3c8221f78475af866ae16ae8e723e855aea68fbb09641c5100e5d6e110,582334b5ad9fb6308b8e805b9d68c9c3d4f18bc8a062567ea08bf3ba92d2062a
public/images-lava/logo-a-chance-to-dance.png,retained,18841,18320,407,106,407,106,,,6c0be334e5f09e28640000af59828e124738d410edbebb579902caa95a081775,204ea38f712a29181af337755cdda0f38c39ea311b2bcbbb6dfd229a5081aa39
public/images-lava/logo-adventure-land.png,retained,33467,31550,312,174,312,174,,,0fe442d79a43e4a3385ddc19f099e2453abb566f951a784b9b4243d1787c04b1,3efc6dbf59bca2b06a31756beab7993944abe19e5f1fdacd74f20523c2cd04c7
public/images-lava/logo-ballerina-dollhouse.png,retained,299450,260097,460,493,460,493,,,d276a171eca43489ef396d410daa6daed8191d72f0e2431a3c44d17dd5d7a702,4fa33ac4493d93164e26316d73f0fa3255e9c0233c095460d39c34f746c2efd8
public/images-lava/logo-beginning-ballet.png,retained,11213,10129,503,83,503,83,,,b490e4f7a22f66e080cb2787f7a2dc7ffe7569b14542b62db181e6ce69e0d4ea,5a6a9c2ddc3e219a8d89d1148e19b8b3d4e766bebc9358ec8fd56b935783b877
public/images-lava/logo-best-friend-camp.png,retained,23290,21359,414,154,414,154,,,96ab3428de86d2be2c696d59e0add5ffcecdfe299f4648df1204f18cb2dc02ff,d9b2745b94e6909e8e681c6dee14fe1a0ea91ccaf289f67edf00006be0bcdb95
public/images-lava/logo-blc-2.jpg,retained,595369,10498,359,129,359,129,,,4c2c14ed7c0b43b1bde1274d0d900d36a90be34439126bfb04c17c957a49b196,27e02f0d57c129720a8dd1823f853e8a1c15adc51377e140acbb907ee40fc973
public/images-lava/logo-bluey.png,retained,5324,3967,172,112,172,112,,,9eeecaeb988d5e26943f0b2f18d9a20e7ee385b6d58af6214f9a0cc0f52ccadf,2e9f3e62f872586c8d32c630c24f53e997901584eaf6f900a258731a9b6a4a66
public/images-lava/logo-boppin-babies.png,retained,34286,31666,1248,434,1248,434,,,1a7b479a75d3bd4ff87c8d5de726aa4a46233ce3c547f12c763aa036abc8349d,aa65bcdd0ac76b8a8c3d1b62b6762b5a0f49079d1cc14aa426822f46a693b2d5
public/images-lava/logo-building-ballet.png,retained,10692,9664,464,83,464,83,,,1df629c036e93a299d0623750fa3d8d6dec50dd69a8d19e194ae1a56a3ebe7c7,be6f651895a75efe388577edd29eb7ecb6c3b664baf5b5d8d651b8dc9a11fb1b
public/images-lava/logo-building-jazz.png,retained,10595,9560,393,83,393,83,,,86d6ccdd53f2aca46e3f2ee5f4fc41f1a5c7a7f787a3efc9224c2bca2618e77d,17d3345ae5d953cfb13e7ee587384c025a67821cdcaa13f4f43c19d91d4e4b89
public/images-lava/logo-building-tap.png,retained,10071,9058,368,83,368,83,,,5183bd2b6fafad14595b1ca688cec94e6a9dd4a1bb0c894c2ac698a60facf5a6,887b81e5337f8de8c3556cfc8fcbdedf8561fb2d95413f8a9ca42f123b685e85
public/images-lava/logo-coulee-parenting.jpg,retained,9026,7168,300,106,300,106,,,c8843a99b261e906c9bb47f685ec32068526c584e1e4293adfd72185d49be89f,543bb94471bffa58b8ffe0c9088a23aaabc5c9055d3ab942076628e2bbd5bf3e
public/images-lava/logo-dance-camp-jr.png,retained,74556,67346,1080,1080,1080,1080,,,2ae7fe7a07618854e46d17d4ab63f2fcffce1eadb532f099119124d59257b8ce,36fd1078caea7e90248b435ea147daf245908683af7ed0e8bf7e7e18eac9b4e6
public/images-lava/logo-flexibility-focus.png,retained,168118,149396,575,282,575,282,,,16118cc2228fde6cdef66b04cffe8ea9de06d9c005726e5770a40bf72599147f,e4f0851e6070637e779b311f7993c0f7c500577251a997f196710b8f105b6eb3
public/images-lava/logo-hip-hop-jams.png,retained,15871,13794,192,148,192,148,,,1c98cc5d1d0ca6be8518ccc13e95b34f7c0c9ec0825b43a985201ba581c23eb2,a8b832090f40a5b72f0943bd0d8902edb4e3e0a81879906659c7111b12f36811
public/images-lava/logo-hippity-hop.png,retained,18461,17169,445,159,445,159,,,ff1db897a35bdbf758e32a6becf2cce101f9027f72d1f6537ec8f458e0392e24,67803ae3ff41fbfd4bcecd9845cc25ded07ff11c4d66cbe46239b1edf95a3e2b
public/images-lava/logo-lets-go-to-the-zoo.png,retained,333073,320976,1080,1080,1080,1080,,,a9506effce13ff3dc3741c274d48f823372fa7a5a5197a58f84c86d189d7fa95,447e5af5b17f3bf5f5c9474b0dba83c22c3cc910ca9876ab79939a17476eb19b
public/images-lava/logo-lyrical.png,retained,48066,43172,1760,669,1760,669,,,77d652fcdafca6b24ff711941c2b68a2a2b2771f4d294288f751f47b7ce11bb5,3fabd5450de87bcf92961c616b1d0f20f91c9a76e82d1665719c18b64918d7cd
public/images-lava/logo-mermaid-tumbling.png,retained,347672,347672,1995,1209,1995,1209,,,ce9781de3014bcce475d690fe94a2195749bc192195e12336f3707465daaad5f,ce9781de3014bcce475d690fe94a2195749bc192195e12336f3707465daaad5f
public/images-lava/logo-mini-and-me.png,retained,57619,38900,1210,365,1210,365,,,00fb2ea64d34cba058fd49e4a8ea5b39ce95d9554942aa7d2f10d24b9dd5c90f,f69963856d0820eda8af80e40fc661a253ebcab2efa145291678dba526d0320a
public/images-lava/logo-mini-dance-team.png,retained,822794,611601,1628,1539,1628,1539,,,eb0f92633fd07bd6f2355938aadc5e5be871d0b2f5f9b399c303607a7d1f31de,fda652c7e03539ba7904b836ecd4cdd5c3d948eb7b0af093584d5befcb4fdafe
public/images-lava/logo-mini-me.png,archived-to-drive,190799,51472,1729,1337,1729,1337,,public/images-lava/logo-mini-me.png.webp,6abffcd5d210e85ebccd83567048b0aeaf7ea7d2724fc9fda790a9c2cdb96289,8f02c77028b07c3ebb86f0d4d1658a20c0c3da85d398c27cc9d032b249ad0a2e
public/images-lava/logo-movie-magic.png,retained,51285,48585,274,214,274,214,,,7e9cb9c62e5f5758bd47dc0b6dc1a23b5b3fd6c0626366ef44a1e6d4d2ba4d6f,c34c6385a59aceb97e139103d4c70047cf505139884b6bacf97e4b37a1ee511e
public/images-lava/logo-mtjgd.png,retained,248564,248564,1000,808,1000,808,public/images-lava/logo-mtjgd.png.webp,,55f406ee383f45d5b50dda339106dfb57e15d75b9266f3570e8a74d3be40f85b,55f406ee383f45d5b50dda339106dfb57e15d75b9266f3570e8a74d3be40f85b
public/images-lava/logo-musical-theater.png,retained,41104,38637,1806,434,1806,434,,,0803bf3df1b170da908a58f6f87dab62f5dd98147960a962b03f32c9791bb180,71a77f8d03c612b5d34cd4fcb9a2e22e5b66f6cfb39f850b9c659336d61763b4
public/images-lava/logo-ninja-tumbling.png,retained,88596,63205,1475,608,1475,608,,,ac851140776a33a9403dcf9cc4f3fface9c287782aa36c59357d7d6d290ea37b,7f2a9838e9226931b422bcf79361fffcb2f9089d790b15ff2bbbe37589f1800c
public/images-lava/logo-on-broadway.png,retained,347124,286660,1613,1139,1613,1139,,,409c9c4d29f0576dff9a8018539fcfc58a4b239c031a01140325a5363b00642c,273c70c6c6c2099dd3e126857a0ec39f516c30a6ce9f2ac9253219a8a8229952
public/images-lava/logo-prince-parade.png,retained,45339,42680,560,198,560,198,,,13d78933cc09a5b739311e6dbf360e65a4ed8176b7cfca88366b2a41fa7e0e28,487163355c86ef95737bd615979dc95ae88d7dc4dcc9bbc52d973fd285b1a5ca
public/images-lava/logo-ready-set-move.png,retained,260729,212603,505,368,505,368,,,487218b70d066735d88633ed48a6e688e972525fec6f8c8534ec9f1af3c8940f,3c22e6f2c202590ed49ecbe8670f8a5e8ee26c6fa2e14fd38ed54e61190d90f5
public/images-lava/logo-rock-n-troll.png,retained,109841,106556,397,457,397,457,,,ed0c9c99922d11592167503c97e17c22b0f1b08d48d8d3c74585dcfeacb623ed,9bd637d3565e2a00c439dd81c33b45714b07027df96c2df981d39b7f8f35eeca
public/images-lava/logo-safer-dance-studios-la-crosse.png,archived-to-drive,92479,44560,1606,894,1606,894,,public/images-lava/logo-safer-dance-studios-la-crosse.png.webp,e83f02052ac237800e46c29eedc6010e626f867a8fd41191acda5b7fcc70dc3b,f598cbee3f538c9d078d322ed01409ca3f52aba17fe14b4274cfcc5bb86e76bb
public/images-lava/logo-sibling-and-me.png,retained,122051,110230,415,348,415,348,,,575a8b4de98dcb596f47b37b5740da02e67154df99d5d9d47b49bfe99356f7b9,0edabcc20ba31c15132d70463694a47edb7cec41b2804b65f658ace47779d5dd
public/images-lava/logo-sm-summer-dance.png,archived-to-drive,30169,12894,392,244,392,244,,public/images-lava/logo-sm-summer-dance.png.webp,d6703a513b87888b4070ee9aac86d2246a63631c9ec28ca7df01799b0f8f3b1a,f1b4329a64381efea58c4ca976924b0b447421c0d0790ae52c031509c171773b
public/images-lava/logo-squishmallow.png,retained,104845,98529,1080,1080,1080,1080,,,61329e77f629484c00dc0b390aea2c6478b6301d9887487f911aa99cf97ccda0,2dd0fc8aa37c0b11b4715d94eaa074b002a730cec4adafd8478e1785883379ea
public/images-lava/logo-stuffies-in-storyland.png,retained,37188,34812,254,222,254,222,,,579ce17ef8b6be268baeadb52b99d039b7f2f6d51dd69e0ec6117dfc96441bce,ae3488ef8df09db4341b0decb45ac073ae2602bf79aefe9d0e2a14beac8814c2
public/images-lava/logo-summer-dance.png,archived-to-drive,183204,83914,1504,608,1504,608,,public/images-lava/logo-summer-dance.png.webp,a84cba713ecd6cb67ed151fe0b16c552f0e220a09576845e4bdefb7da99dcc9e,38c26217b851a0cd911507ad1dde77371983c9c559698469030d32d485b224e6
public/images-lava/logo-swifty-fun.png,retained,36278,34675,168,128,168,128,,,e4ddbbfb9e6f7636405c629777e22871b75e9961d2485dea831a37e358b4a3e0,a9b9fa58d03e3a804448e76553493e151052693d12dedc952db69013b83d0a25
public/images-lava/logo-tap-adventures.png,retained,19232,11930,1303,116,1303,116,,,dedf74b4b0aa74e54de9b51b7d4318c28e6f256eef08c8e32569cedefbc01d00,38f1d4010474d493c4b2e3e2103d8f9849e918774ff8b578851c06f1f1b9ab1c
public/images-lava/logo-tiny-tappers.png,retained,10519,9159,436,97,436,97,,,8dd3a59d32e34fdf4ee94468c08abc0fce7577334277e9a4f25ec737967d3d68,7d38ebc782169bdb9b681b45ed2198843be85a621b11fadc4440cc18e8cac1e9
public/images-lava/logo-weber-center.png,retained,18022,18022,282,73,282,73,,,6fc092efb255cf551f04fef211bfe729b6de5c424d24abdd53e09035b3bc1fd6,6fc092efb255cf551f04fef211bfe729b6de5c424d24abdd53e09035b3bc1fd6
public/images-lava/logo-wiggle-wednesday.png,retained,138172,89876,1144,573,1144,573,,,8d15dfe1d05db531c9d537b27c2546fd5f2986cd989de784ec12f62bc4001246,c43f204a689fdd320615b49feadd6c7688e0ca597a83b4640f7a481b00bda226
public/images-lava/logo-willow-and-grace.png,retained,46253,45109,800,96,800,96,public/images-lava/logo-willow-and-grace.png.webp,,049506f69dba42f7db39a774547ab472383cf1609fd3f8fb8af0d5440f77001a,16035bf5f5398dc844fe9ca076a66a276f24d1f814b279cb587589756e3e8cde
public/images-lava/logo-ypad.png,retained,83704,83704,786,925,786,925,public/images-lava/logo-ypad.png.webp,,2f3db205a70d35588915aa7166d125def546d733b1d78294e58f9031feba440d,2f3db205a70d35588915aa7166d125def546d733b1d78294e58f9031feba440d
public/images-lava/main-photo-extract.png,archived-to-drive,97269,12520,531,470,531,470,,public/images-lava/main-photo-extract.png.webp,e6a24237b116fdf0fce9375956d94e018cd361b40515729a943161f980fbe7e2,5d6f97f2f6d89fd7457a30fb188ed8d8a830109ff97c66caedb9a2c322d6fcd2
public/images-lava/main-photo.jpg,archived-to-drive,4144553,64508,5310,4705,1920,1701,,public/images-lava/main-photo.jpg.webp,a64901a3c9f42f22ba5a47deacbbb432ae3c71bbc549e9af80a64c97de3e031f,dcbbcbb08415759940f2de67aff1d92e42aa0c6786cf931edf23c15867c4a0b4
public/images-lava/mdu-logo.png,retained,47992,27954,1275,397,1275,397,,,a69ddbd9b460bd6571f5e412f451f298591174c3e65e1995066e77981402146d,6d7f8042cff1962b737cb3a5415873211f0a156c2bd95f738001c30fd0b26d42
public/images-lava/mint-tap-block.jpg,archived-to-drive,260723,42110,1043,1563,1043,1563,,public/images-lava/mint-tap-block.jpg.webp,28c3938da825ba0402f36fbec6b6c47797e779803b38379ab7dec7b6d1b61f33,678cdab6c5424bd829334693591f093c3da1d6f3266618c9d7728ecb7e7bee08
public/images-lava/parents-love-mistys-dance-la-crosse.png,retained,358271,294489,1100,879,1100,879,public/images-lava/parents-love-mistys-dance-la-crosse.png.webp,,08f90fbb4adb07dc49e16d495b646cdde407c4cc0ba835f433c532199c8aa6c9,b947c3f78381f00d8f3cfa7aedfe284d682c81715c2c972e46e5782df2ff2579
public/images-lava/parents-love-mistys.jpg,retained,1276033,103923,2250,1640,1920,1399,,,fc31b915a36de92f88238eafdb4e3d1ba0a3d69665f53cf484b094037ea47f84,7ae6fb0b886885196023d615b7353477f0ed94a98093eeabf87a16ddf81cf96e
public/images-lava/partner1.jpeg,retained,17488,9608,320,219,320,219,,,05994f3db5f7b560074db1d3d9216154ff8d5d997d85c40c0830d9fefbd01030,c73ddadc5ac6a8352461a2704ef2302e6070087366b7d6e59977f0e7dcec760c
public/images-lava/partner10.png,retained,88559,84450,1100,392,1100,392,,,e295c6048440eaaa5c04b3015095cfdde1095c183728fc4d0132bd6f894d32d8,5b49e96db803b4f7bf7beeeb7d6134811671a9c0374bff943462db767c1765f5
public/images-lava/partner11.png,retained,72986,72986,2130,480,2130,480,,,706bacfdfb9e3d95dd4037c1e2ae5f9387d5d230a40c887af2646376d934cdfa,706bacfdfb9e3d95dd4037c1e2ae5f9387d5d230a40c887af2646376d934cdfa
public/images-lava/partner12.jpg,retained,348463,159632,1500,1709,1500,1709,,,659c171f33730b238b52fa1dd3e0433fa96953f2cf122e4ae29d67bc87818def,025cd2487a1ecea05a039af337e804f22b67101ef667757ef3f22103df757d2e
public/images-lava/partner2.png,retained,25518,25205,400,67,400,67,,,a2b9d94baf6a4569ec6715c85186f7af7497b6a5fc25da0946faeced698db8f8,2acac140fa64fb2cc363aed9fc24b52aea19d62bfb882044c46c0d14320a41a5
public/images-lava/partner3.png,retained,10985,10985,300,67,300,67,,,27d7f8a95b19e16b9bfda26e60c5a0a570c34bbeb58530db1194b60769d37c72,27d7f8a95b19e16b9bfda26e60c5a0a570c34bbeb58530db1194b60769d37c72
public/images-lava/partner4.png,retained,10996,10996,150,133,150,133,,,cea0d6791380e9a42bcf0dca173920c33056e4c53252001fe3a16119ca138e4c,cea0d6791380e9a42bcf0dca173920c33056e4c53252001fe3a16119ca138e4c
public/images-lava/partner7.png,retained,6849,6079,125,53,125,53,,,c3c70d3611c8f31603db95e7c5f47b4a7895d0b21295aac7676009e7c1a74d40,b8bdea07e9e11c574db8731ac53f22d183406ebccb5abfecb6051b065e294cc2
public/images-lava/partner9.png,retained,4240,4142,144,32,144,32,,,e5256e9a936c1195b69e087c5d2d75f707b496d300e487bcf050c6a05b13fbfa,ff3f2a31ce3eeb777593c8c2fb36bc497b184a5f28fca660bb867e56c93258db
public/images-lava/private-lesson.jpg,retained,2501022,191387,3000,2400,1920,1536,,,c63e4323c142e544215e6bb88ca7a162138625fb12350d7c7780346a524a9bea,802e0ec8a55671e32d9b340be4524c4fe8ad6695fec6eb6e9c823144ac0b71dc
public/images-lava/pups.jpg,archived-to-drive,1833319,267786,2087,1216,1920,1119,,public/images-lava/pups.jpg.webp,373d51ad50497f3b9f71f349cc1152bfbe5cc0a2fcd40aeb5a4c291bc4cdb312,9c566f5f42fb047a8ed83e7cdbb8e91d715ad1e35180b45a639c56bcf05cb3e7
public/images-lava/review-andrea-linder.png,retained,23020,22709,105,105,105,105,,,d0f04aa3813da3987e7f1346bdf5a0184c6593dd398f99ebe9957518272d03a1,201495ad6028d4e63f7daf14e822e2028422c21003515b3f947f8eb2791e4495
public/images-lava/review-elizabeth-bruns.png,retained,25208,24869,105,105,105,105,,,4ec28e1f0665f343c91f76d5d4b710069cff10b78c2e959f8f8ffc2a1089f8b6,dc63baf56122a7f56765a677f13978091584bc038515396ee51b4e8704a72464
public/images-lava/review-jean-arends.png,retained,19463,19086,105,105,105,105,,,6004fe97c74532567f011c56370d935ee3738ceda51fcb54914505aca82d400f,104d9c79ca5486979e007dcbcfae0a9fb4ffd07b188998b685298f0668d8767e
public/images-lava/review-kari-robinson.png,retained,20428,20051,105,105,105,105,,,4994c83c7811c534239617496be22a6e5b3c687fdee9ef10738ead2ac760ed27,fce1491cf0971fba7889f640a7c2f476ae22008331683b0ba8764831b52755bd
public/images-lava/review-sandy-helfrich.png,retained,22881,22620,105,105,105,105,,,242ea23057e21dd9764d09e2d4cf695670866abfd857ed4a9940949e108abcbd,5be8f66c8988aca6f4a8e867b714644cd9fb3c397ac09676cf351fef5271c245
public/images-lava/review-sarah-fecht.png,retained,19685,19382,105,105,105,105,,,88a9f7c605b286b0600e4563d46ae3d532d9626f03b31e9ec1c602efd5ff0ea4,9c61597653e38637b7d6c058e9b84007bbf32bd1635b111ad575a00ed222fd26
public/images-lava/safer-studio-dancer.png,retained,191925,188199,673,747,673,747,public/images-lava/safer-studio-dancer.png.webp,,cd989a390b4beda7c54ab5bf4fa47353ad56861484e8a056e86a06be3c6341ad,06ed2a6a1c81e0830b5544c840f76b0e5870556985763cb661c9a6f957617485
public/images-lava/safer-studio-logo.png,retained,92479,89597,1606,894,1606,894,public/images-lava/safer-studio-logo.png.webp,,e83f02052ac237800e46c29eedc6010e626f867a8fd41191acda5b7fcc70dc3b,0b04a28309582b5d77b74dc3a5c01caabb1ede156450b3133a67d1bb4052a6eb
public/images-lava/schedule-1.jpg,retained,719389,208387,1650,1275,1650,1275,,,e68bc1919531a313a3dd3f1ae7bf976a18f8c6d70735514689726f1ea9d01b12,f3312048485e9435c800582b2b03c6a2d24c33eb3ceaec56733744fad156e97a
public/images-lava/schedule-10.jpg,retained,1185173,413017,1650,1275,1650,1275,,,88e45327c8df7ab368a9845c7a8a1bbb115ffce96ffce32ef9af96a926bbcafd,178d93bb77ac3f450411cda79847bfdb319275fab9d0dcb1118fd83fd31f2942
public/images-lava/schedule-11.jpg,retained,1030481,347634,1650,1275,1650,1275,,,f4bc5c44767fe5d00b578b745cc7bfd5696c3260bd90f58930c7dd0a627c6290,92ba84f4d3b0ce581641646f310c415636eae20c35df20b1c76ace5bdc66edff
public/images-lava/schedule-12.jpg,retained,1138836,395410,1650,1275,1650,1275,,,9b05d7dddf4605d05162d8bf8fe48041c8627536e7b08e67baa6204c906e96cc,ab563e46461a1ccb1208a0dc3c95c655f14f97cdf0ae5eb49fb113ff680a334c
public/images-lava/schedule-2.jpg,retained,1142016,342871,1650,1275,1650,1275,,,1c1e78d7dff7902e28157188955d1a312077238f0b77e45658f787f9e6b023b8,06483e1fcea4d15ff4abe6ebe24e27207e68f9a637e123a56e640a4b86532023
public/images-lava/schedule-3.jpg,retained,865988,238748,1650,1275,1650,1275,,,88c7ca15a21efc3695835ed9773df6326283243acef897904b166b941a520379,9aa352e72f634e661284deafd8931777c7f72abe261e6c7a4c7f0a85d68874a4
public/images-lava/schedule-4.jpg,retained,937450,268775,1650,1275,1650,1275,,,e39bef5c18aa356428ec66472cc6b4cee598bd3397ed842ab7357b3e89b0f80d,da9f67da6b2936c421513725eb9eb7fe7f3d38d30f6ff96d244c7f1b0f928705
public/images-lava/schedule-5.jpg,retained,966902,269694,1650,1275,1650,1275,,,c7e32ba43b8f7f3717bf02809d06aa8308b54a1c486299b088b08a069072c019,a2de2f0f3829bb75f3bb99a446d96f78b21d3a24027f8a1705e0f977e6911f37
public/images-lava/schedule-6.jpg,retained,1058620,307486,1650,1275,1650,1275,,,823f464443e6bfa6a25956d94f2e55a2a2134d7f540c2ca30ec997a43009d1f0,541aa8b7e147d838141265c2c33bb3caa5256fba5ffef2c84a7b7f6bde3f6dbb
public/images-lava/schedule-7.jpg,retained,1026272,319566,1650,1275,1650,1275,,,f75bf2558d24fc3a6d5e26f160d3b207a85c67dc74982443b6f272072530cf63,f62ef486f5c5879c4faf82b4eeb8d850861f981a89737f50d1c5488c41e129ac
public/images-lava/schedule-8.jpg,retained,939281,295797,1650,1275,1650,1275,,,6735dddbb34a4a0c7487f325e799f9ef48880c82cd826a1beaa729cc28e1efc1,596333be102f4e3c0989b1fc72436ee4c1fdef5228fdee25107bfc9e31dd35cd
public/images-lava/schedule-9.jpg,retained,1009650,335305,1650,1275,1650,1275,,,a3daec3d756cef7dd0aefc606e091e1603375fd6a842ef58650640146a434c3d,1ad6db1271dd243a15dd382a3520766ddd82d94f5d280580e4d753b928b39eaa
public/images-lava/spritesheet-cropped.png,archived-to-drive,892820,21670,3740,499,1920,256,,public/images-lava/spritesheet-cropped.png.webp,b54a6c8486818e551f83722e96a0d5bf8cef7009dcccfaf9c8fea325b71cbc82,8723f86156390e9f6964dfff793fe423bcf5f703ae11407fe8879890a6c614c9
public/images-lava/staff-abby.jpg,retained,11413,7881,1200,1500,960,1200,,,59a9cbda7c0d47836664cb9dcc558294ac93ea939968293f55631072dd097d8d,0958bbcf0f1942d4d7f19fe74009c33316422c1115797dd6b04bb6c5dd87ad1b
public/images-lava/staff-addi.jpg,retained,837641,112594,1200,1500,960,1200,,,ff9d04e2d3403cb28eec9033318c5e97122efcb6d767290c9dc10a74524a16b3,7fd3017f1e0f927a5858a75fdb86559f607b2eff534a5a593e2f4dace9c3db05
public/images-lava/staff-alex.jpg,retained,198810,120058,922,1290,858,1200,,,4b2611140c4041281c7097c3de57709197d4406d6c2198acf3abb7bc3b37d620,0f41cb9d899a40d6056ca1cdcf07343cfc72a3c536518a3fd2d9ba46fb34e9c8
public/images-lava/staff-amanda.jpg,retained,702757,86528,1200,1500,960,1200,,,d8fc58b40334261078e1f502b8ffa7b3eb1da89b7e292b4e45175cb2e0104334,e668b76f80c1d81dc76fbb47ae9825859ef793247072a3e9fd5f7370786141df
public/images-lava/staff-amy.jpg,retained,64026,50341,461,645,461,645,,,29f855890cf2fc47addc5f22bef615d95b32d9f9fbddac06d8eec335c3ec2b00,c311040dabb99506c31e59e9cb2f38f17fda705f9cd232a7673d4bd261826303
public/images-lava/staff-beth.jpg,retained,752292,91499,1200,1500,960,1200,,,7356156476e8a97e965e084d71a92a2efcf4408e962124c96ec2e7a211ba7faf,415b38afb8b2a46f5fd88bee7ef8319f08e7ec4ec796f54032b390a36e6f3b87
public/images-lava/staff-carmina.jpg,retained,611999,75959,1200,1500,960,1200,,,83fee85df8bf4acb8923b5e1a4573db22638606f4784749062bfa80f690f2855,19d2165fdd89de89377a2ab60548a5b842c10dbffe745ec3c2e5cc0953ff8451
public/images-lava/staff-chloe-jane.jpg,retained,779591,101274,1200,1500,960,1200,,,3d6a4641ac59ab4f5cbee3d3642d2a36bfc6de769ad71b40bb9f2fe6380160c8,0d59e932c62097f02f58802b2006c2dfe509f717c983e47bbf0b425a06018b5c
public/images-lava/staff-cindy.jpg,retained,723793,81597,1200,1500,960,1200,,,291110ca62363aa3420b9151ba1c42e4488285022f896b0f605521c303bcd294,aaae643475cb4942e7140c4403ea1704734118a68009648984fd743db1c4156e
public/images-lava/staff-denise.jpg,retained,714128,87472,1200,1500,960,1200,,,e9ea460a7bf8f1ec7896e680c9c06b992d44500aae21f15667ee890f13008e84,2c3a94ffed6dae0c8b90b86fd7856e83256b1440d7c195f64669e5f5a072dfac
public/images-lava/staff-dennis.jpg,retained,623613,69431,1200,1500,960,1200,,,9d41abbb4da54567e9a9eaa3cc4b6fe3c747b83d52da8217a48541c7e633dac6,cfe6dc731cc2e7f63682d9af5ca9bfe836a0f42df16a61aa92c3ae8876bf0744
public/images-lava/staff-emily.jpg,retained,82917,35432,457,640,457,640,,,26864e1aacf86c804762edef0bd3c8728b97a2a30940e18e66d03b31a94152cd,2ae970041e6594ec164abd8ce7754bd3ff4dc94f399626f79144dc25837211b1
public/images-lava/staff-emma.jpg,retained,655302,87516,1200,1500,960,1200,,,85128d29ca2eeb27ba34b2b45330a838ac8ad7549f1eec164bc0aaad3229e505,fe00f50de3362315a7757117e6629463a20afd36f30de8e57ed0593ecbdd6e7c
public/images-lava/staff-grace.jpg,retained,773850,99649,1200,1500,960,1200,,,e9b08c0b0fa49c0891ed66886263d39da809992108b3f087d2e2d7b43f71f654,4accf891aa6473d771001ba3f70525175c211473eae7498a506d8a496047861a
public/images-lava/staff-greta.jpg,retained,728853,93366,1200,1500,960,1200,,,54ded5cdaf2291b283f9e701d4319421fef175c11452b605f50359a922f8d8f5,12504fde9b5a72b1dbe795e272c0550320e9d2d0797723d70d3d698aeb563813
public/images-lava/staff-hannah.jpg,retained,704016,84100,1200,1500,960,1200,,,469f1c7a5c02d54440d4995a4d04e0f09341ec7e93c52c3b72c3e050224053dc,76e74dfac4784c4980b7300c61cf1f76fa885ccc44530e7d2ca5deb2d2f211aa
public/images-lava/staff-katelyn.jpg,retained,651044,78033,1200,1500,960,1200,,,37f13a638ddec1b7608d257dcd83fff65db3c1276dc22bbc5e8d5964f6706f1a,8580ca1b92e4483b129713b690cc9628cb139baf2da634843c415581ca194457
public/images-lava/staff-kaydra.jpg,retained,685020,81652,1200,1500,960,1200,,,7e787f62e4f95dac31d7e61d9041fc5e655858eae229d1ad1e1163fa31288720,c483441bfe230516cece9f78b59077f9e72c0c7d6be4ab7781408fcfd2412172
public/images-lava/staff-kris.jpg,retained,686760,89371,1200,1500,960,1200,,,39f6499768108a8a8502d8a6851cb734f3f7ce11b449aba1e661449cbb5fd771,09091849f3f47cb19406dbf12a21b05b31aaa64ffed14ad670decbf6c922b6df
public/images-lava/staff-kristina.jpg,retained,725511,102455,1200,1500,960,1200,,,aa8290becc34a10629b23f1edd5f9be0a74971f1f3130bb15657620106f27b32,56a912328b19f96d3a249f46185dee4b32f5755fb0c838bae522dc7050b337c8
public/images-lava/staff-kyla.jpg,retained,11413,7881,1200,1500,960,1200,,,59a9cbda7c0d47836664cb9dcc558294ac93ea939968293f55631072dd097d8d,552710885dc710006251e0dfe91f5197046b5456b0504f37b53991622e964efd
public/images-lava/staff-kylie.jpg,retained,670570,83734,1200,1500,960,1200,,,9084d09ca9f194ab0f7bd8c0d51d52c32eb31ecadb8d7b10e60c7a3feaa7a0f6,eccd5d37f6dc103e09c239b48e5bfa316157d9c85198d754f97c9ffefe878e1c
public/images-lava/staff-larissa.jpg,retained,701705,82018,1200,1500,960,1200,,,8c4f1e479f3d31454fb92b12df159e52c63e90df5c30a6a5fc2854a9e37adccf,c17202f1a471ac519727489ba8888980ddf06d382e4ca7b3894fe95abbd969d8
public/images-lava/staff-lexi.jpg,retained,627374,78370,1200,1500,960,1200,,,437a71cae3f9d4496812b00e72f97e9b64ef777e9575659a241125c9bb989bf4,ec61d7c7b9d8c6bf539185dd4e89dc15e191995313cccefc9f0d9bfffee5f9c0
public/images-lava/staff-madeline.jpg,retained,11413,7881,1200,1500,960,1200,,,59a9cbda7c0d47836664cb9dcc558294ac93ea939968293f55631072dd097d8d,552710885dc710006251e0dfe91f5197046b5456b0504f37b53991622e964efd
public/images-lava/staff-melanie.jpg,retained,682871,80958,1200,1500,960,1200,,,b49937c49bbc0b24c5508d6a7428b08a80f849af0a2ed51db5f21c1fbc624ae5,38f88450bd60363473b4c018e964b3d14bd6eae449a071b4a37fa7e97b004377
public/images-lava/staff-michelle.jpg,retained,697563,87903,1200,1500,960,1200,,,c9128cda1f8af87915599d69c763b657a849da56ac2e699b257d176eb8e575ca,6cee3386679378bd7b51a6146b3896fb4bf4ede3f326355533838c73ac2ade83
public/images-lava/staff-misty.jpg,retained,291582,103748,1200,1500,960,1200,,,0f2512c83d21f1ac2bec493416fe9cf1bc7ddc5561bcc64f0b99c74c3a357a64,db1d94c0690016607adaf1b97fbf4fdadc3563f6a7f5a88c80f49ab22c972666
public/images-lava/staff-nicole.jpg,retained,636142,74615,1200,1500,960,1200,,,53fa7ac4be37cf07538a734de31502fd4c06731ca3f2b66afa9a6dde3dd81e93,3c2a680121e6c525ed219192316f1ece5db9730de8d207bb4de5d8fe292ec0da
public/images-lava/staff-olivia.jpg,retained,677057,84896,1200,1500,960,1200,,,bcba7e8a27bd68d02d64a532a05438ea97b7eca346a69f30d877576346096e13,541ad1e0fbede07e2aec8c601be689080fa6c40ce2e38eaad8e3bd5843312343
public/images-lava/staff-richard.jpg,retained,11413,7881,1200,1500,960,1200,,,59a9cbda7c0d47836664cb9dcc558294ac93ea939968293f55631072dd097d8d,c6727e8670ab99c9d70b90d1cb74bf8df9f04d514a785827a7cde36dc9ef4b7b
public/images-lava/staff-sandy.jpg,retained,769747,96415,1200,1500,960,1200,,,4d05c1a808ea431ed53f162650bc482163c88eb4504796f34a048081fc64c175,42f4e3b35e953f58c057d16fcce6d352afc4dec005aac186175017cc314cdb54
public/images-lava/staff-shayna.jpg,retained,602704,72896,1200,1500,960,1200,,,a8e0150df20ba9d27d13b446922e720004154117fb6418a28717ce0ef5afcebb,12af85fa81423551f20ced687c70ccc5fd2e8d1d820aab14bd8849356e19f217
public/images-lava/staff-suzanne.jpg,retained,651317,73289,1200,1500,960,1200,,,fcaf21cf94d922dacb2cea988ac3932f9b27f139f2e4dc7e21225a91fb4a5042,7fa3b56202ce70be172cc20b487b89fddef35921b2ad09ac136dbd7ac6b23f4d
public/images-lava/staff-tiffany.jpg,retained,799872,95471,1200,1500,960,1200,,,5a49f4f9dfd99014fd89e1dcfa0f8235569724f504c1eefca58c9a406b083fcb,3b411e9480bf997e9bd9c3cdfb5865885a88a3b07d387f2e4886768a26e7b668
public/images-lava/summit-main-dancer.png,retained,423765,417202,968,1020,968,1020,public/images-lava/summit-main-dancer.png.webp,,2f73beb0b15cf5217d5b5f2e96212f5eb80962941cbdf192ada8c32717bdbacc,47ae15a4f3f1f1f2a3e29f10988708aedf5556ba1aca5a82c282e39a300cd3fa
public/images-lava/summit-real-icon.png,archived-to-drive,219696,29278,561,672,561,672,,public/images-lava/summit-real-icon.png.webp,c100a96211e34357ca325c3fd7825f99a6e85584e0a41b757c610ca6d298cd53,ce63afbaaeabdcb6dce60f9e1881d7384d22efdf4bc835c2382f3826729f4830
public/images-lava/ypad-badge.png,retained,83704,83704,786,925,786,925,public/images-lava/ypad-badge.png.webp,,2f3db205a70d35588915aa7166d125def546d733b1d78294e58f9031feba440d,2f3db205a70d35588915aa7166d125def546d733b1d78294e58f9031feba440d
public/images-mist/1.png,retained,3218611,2055856,2000,1555,1920,1493,,,8eb7acd1b7b741932b7c550f6c49bc8d3154a2d69abecaf495fca84a43d328f6,c604f3d8a74261509a05b7a9df6008814931147b4e267b1bfd49f911dcbedf29
public/images-mist/10.png,retained,1937966,1476154,2000,1555,1920,1493,,,fd2001b89fc400626ed1d462ba964bf775f99f304de0939d3308043bef5d8009,ce8abd585a6b5a2ff634e57ccbb5edabccf6321172078117c816ed09b534b358
public/images-mist/11.png,retained,1393378,1393378,2000,1555,2000,1555,,,8e73b06cfffcab1011f26913f7a1dc9544dbe2bd979a93590acfa1a753b906c1,8e73b06cfffcab1011f26913f7a1dc9544dbe2bd979a93590acfa1a753b906c1
public/images-mist/12.png,retained,1330262,1330262,2000,1555,2000,1555,,,56aa39d1ac53467f129337eeb7d5e1af799b97cb5c2f528df8aa33150020f052,56aa39d1ac53467f129337eeb7d5e1af799b97cb5c2f528df8aa33150020f052
public/images-mist/14.png,retained,293009,293009,2000,1555,2000,1555,,,491277e734c9c694c539a1700388a64c755919672b38d6c21388c9f9f8bfc467,491277e734c9c694c539a1700388a64c755919672b38d6c21388c9f9f8bfc467
public/images-mist/2.png,retained,1688395,1606351,2000,1555,1920,1493,,,70af38ab95d5e0d7c536b393668fd0488feec6332a72d6b2074d8b10888c1b9b,a9971bfcdd1a614bd7b9e24df6b9e6135026a6eb74701657bd3acb80bdb7abbf
public/images-mist/3.png,retained,1012648,1012648,2000,1555,2000,1555,,,16a14e5a0e27833a064c4be4927fb846e7c9984d8753801913c0fb2573ebd74a,16a14e5a0e27833a064c4be4927fb846e7c9984d8753801913c0fb2573ebd74a
public/images-mist/4.png,retained,1597902,1341720,2000,1555,1920,1493,,,41b80feb601757253aebeaad13e32caf48e0ceb4aba4ebc5bc593d72cb86dbb2,27e35b2c7508e043e502541c2a763ee1a54ef0efb3f3aed092e626019edf573c
public/images-mist/5.png,retained,1358502,1263949,2000,1555,1920,1493,,,d3b3f4aea82d1fefc0dcf0a339849aed3bfa74d5acc385ff1ab2c3f514f6fb0b,d6668690d35ca82c8bc68052bcfe0a63a5b070bfba169b1a871bc00669995537
public/images-mist/6.png,retained,1639786,1453998,2000,1555,1920,1493,,,23bc971b46286468027e80529d142eaee45a76ad4f661b76fedabf581b4299be,899d2fc399ee0de285f9adff825903f11f68300c52bf9d008c1044f0e9ee204b
public/images-mist/7.png,retained,963647,963647,2000,1555,2000,1555,,,35258dc44edff0f909e0199ae05fb920ac8bfb3d52071d559b0d8668df42c789,35258dc44edff0f909e0199ae05fb920ac8bfb3d52071d559b0d8668df42c789
public/images-mist/8.png,retained,1266183,1242008,2000,1555,1920,1493,,,25786edc312975717a14ef76d8ef378e84bd12e3473b10170f57e28c3166af36,9c61c157fecebe6d23a642705d8f611a3569669d80533fa26c445483e5b7fea4
public/images-mist/9.png,retained,1241840,1117195,2000,1555,1920,1493,,,b89cbdae289d51fe520d1baf80154a9c43ae1336a7f93d5c3350194d263248f3,2ff5edc2f71636790b54410ce6eb460a68e0cdc0ae1f898194f0b5626ec6a0a8
public/images-mist/about.jpg,archived-to-drive,233301,137360,1500,1071,1500,1071,,public/images-mist/about.jpg.webp,82c15d8c35a65f8b7d4172dac68d8225b52963846968e4409019c30000c36a3a,267b769d1a46d4eb4703d4cfb61738e90c8f5f2a4979d017476f494ad0c2e88e
public/images-mist/age-1.jpg,retained,169441,21608,500,700,500,700,public/images-mist/age-1-320.webp; public/images-mist/age-1-500.webp,,31d8ffd38ae3d37b4513921d26c4af01dfa2afb680aa54d069a67ff770a5e1e1,6a2af60ac32b82ec1447cb816ad64c1c02585e0b4daf271180f711082e289aef
public/images-mist/age-2.jpg,retained,133696,16260,500,700,500,700,public/images-mist/age-2-320.webp; public/images-mist/age-2-500.webp,,eac99b7cd04c5211a883d4455407e8400038887a23248c72bb9cd6f9b4eaad82,138b71c113643c3944cf9fadfb6b5788d27c7c6d6edfee7ea4a88fc6c42b7b0e
public/images-mist/age-3.jpg,retained,146396,18219,500,700,500,700,public/images-mist/age-3-320.webp; public/images-mist/age-3-500.webp,,c1f1fd3717aa848de8d4051e2748f95301eb0e9ee2c537775080d7192385cd5b,784a749b109fc5e22db65cb1e9930902dd2a1ca34362c725ebc21505fb51ad9b
public/images-mist/age-4.jpg,retained,122293,14303,500,700,500,700,public/images-mist/age-4-320.webp; public/images-mist/age-4-500.webp,,fa81a6258b0d667d8db74652dade3e89373b094deb835c325eb18eb115e2cd5b,b4e6df32ef7e82b9d9abfac536f134b05d2911f0a8f982c54b1b09cdfd4bddea
public/images-mist/age-5.jpg,retained,144611,19302,500,700,500,700,public/images-mist/age-5-320.webp; public/images-mist/age-5-500.webp,,fe064d4773b684dbcd1a0907d3523f0a6ddd1c3131eab116d31222464a3d5dbc,39d612df4504c3695ed814e5f62562157b7274f238b1b600b21d47afb6c76cc1
public/images-mist/age-6.jpg,retained,148560,19713,500,700,500,700,public/images-mist/age-6-320.webp; public/images-mist/age-6-500.webp,,d6d1424a0452ccc09769d7405dd9c2f530b4a458db2a6906cdafd8696e33d1b3,1e6c055df7787eae66ffe856bb9c1ed138fddea28b93fc43ec14ef5dd3f3570a
public/images-mist/age-7.jpg,retained,146717,19921,500,700,500,700,public/images-mist/age-7-320.webp; public/images-mist/age-7-500.webp,,a9506bff682bf73d9107c44db406aa0e8de1df98bedd7e3721d4cbdf2c81d6c6,67ff452a6912bf1b0a0664de130906cbbf763e88c39926d85d5c8528c0e34c33
public/images-mist/cta-bottom.png,retained,220639,217052,914,562,914,562,public/images-mist/cta-bottom.webp,,8662ea9dc1188f23be4e58f2701b6ec5bf9d5bc9a96a53828e04b05f498601f5,d12e804201f60166064f77c15b7e51a566bb1da53cd57667ee371dd8f437edad
public/images-mist/discover-1.png,archived-to-drive,468792,52184,750,868,750,868,,public/images-mist/discover-1.png.webp,fdf893c40e506049477e0a344f4c931e1aeaafc19b35b4e64d2861588b1fb65c,3886cfdf667b635d24ee5a5a776ac4c33a265bb4c80c166a3788d049c81eb19f
public/images-mist/discover-2.png,archived-to-drive,485641,36756,750,875,750,875,,public/images-mist/discover-2.png.webp,372b67101c9d3ad6081a5aca3e1920915b4f4184a5622d38730f1668ef120f6e,54d6147824849d90430df9f7a0977c6ca05afd3af18787adbc9f7be4b52dd898
public/images-mist/discover-3.png,archived-to-drive,493280,51290,750,875,750,875,,public/images-mist/discover-3.png.webp,f358445fd2657628f845b9517988a9d52b608cad457005a995d29cd0e9caea93,0aa9a54089ee7fa4b2d8301d22234f304f5af092e7964a62051e3457df0d30c5
public/images-mist/discover-4.png,retained,2764595,1884930,2369,2351,1920,1905,public/images-mist/discover-4.png.webp,,47a24ebbe712d11911ac3dc8acd02a1c4fc51522ada680fab192358dc3d1ff8f,a25af7d651b24e226a71bd3fd35eb0078d828a95c6f359a8cf7a1e7866b440ca
public/images-mist/dress-code-24-25.png,archived-to-drive,1592913,202246,2000,1555,1920,1493,,public/images-mist/dress-code-24-25.png.webp,8470b4dc5f145df4ade32a8ebe6b232fd453a766d1b299d1de363bfbd4c6cf34,57a2cf5e22546976d664a8b3a0aee417b8a6445516bea94ca1db426135a30ed3
public/images-mist/fall-8-14-24_page-0001.jpg,archived-to-drive,1052274,134780,1688,1313,1688,1313,,public/images-mist/fall-8-14-24_page-0001.jpg.webp,fea800bf0815773399455f6db1c45c6f5d81c7a4e91b7a86ae65832cce2382b7,669aa1c31cbf54d452b558b531bc6c71d2783ce7c5aef720fb990bcb81891ef3
public/images-mist/fall-8-14-24_page-0002.jpg,archived-to-drive,1077419,243938,1688,1313,1688,1313,,public/images-mist/fall-8-14-24_page-0002.jpg.webp,c245374505b6453267b46e398f240e8a3ddf9b3742c2f94564468de043b0341d,dfd90a436d34e87e096894b50487374dba6273173bfb5facd1961a5c1c899343
public/images-mist/fall-8-14-24_page-0003.jpg,archived-to-drive,1137286,277960,1688,1313,1688,1313,,public/images-mist/fall-8-14-24_page-0003.jpg.webp,7a430eeba12f1258230a33b28baeab7dc8bec90f322dfca9fa1f26f91e7b57b2,359efec7ca0f866ee9e2f8ae0f06bd711f4b08cbb63012c4832f3c11767f22f7
public/images-mist/fall-8-14-24_page-0004.jpg,archived-to-drive,802530,140722,1688,1313,1688,1313,,public/images-mist/fall-8-14-24_page-0004.jpg.webp,705754b87c1ea51cda9d6b125e48d987d9cda5191d7d25d3a614a5c84387ee3e,e9a94d628b3efa4800aed9367a0d126e320cf10e50d881b5fdbd7f6ca11a0c6d
public/images-mist/fall-8-14-24_page-0005.jpg,archived-to-drive,923443,191222,1688,1313,1688,1313,,public/images-mist/fall-8-14-24_page-0005.jpg.webp,860a5d8d86e521b76898a4d212854c85c479a572674cd9d8ea77376cdf493d51,61c409d197d60c9e1a3bccac27824019cebdfa8f6c76176da6f54aad85529c97
public/images-mist/fall-8-14-24_page-0006.jpg,archived-to-drive,1038293,220296,1688,1313,1688,1313,,public/images-mist/fall-8-14-24_page-0006.jpg.webp,be2ae3bbe031325e522d1801e8fd47509894d9a7779ef4f456c599c3ed8d95bd,eb5384e9988fafa7aa6590d160c68f7dc41597fda3e5a663d617860fbddbedbd
public/images-mist/fall-8-14-24_page-0007.jpg,archived-to-drive,808897,173136,1688,1313,1688,1313,,public/images-mist/fall-8-14-24_page-0007.jpg.webp,1929079287a7629beee21086e473b6266141593b1bea67f9b691087c86222fab,33521811aaf2b9ffe51f6a6b94508f5a493edf10072f1c322e2bad5ed1b741ca
public/images-mist/fall-8-14-24_page-0008.jpg,archived-to-drive,862756,188262,1688,1313,1688,1313,,public/images-mist/fall-8-14-24_page-0008.jpg.webp,1fda75af7ae0c659d8f80b2df17ec545665155873d27348e166cf9d477cc61d8,a7c8308e2852113e3b762233ae09a349571aa203ed9c7355a149d1679a61977d
public/images-mist/fall-8-14-24_page-0009.jpg,archived-to-drive,774896,148926,1688,1313,1688,1313,,public/images-mist/fall-8-14-24_page-0009.jpg.webp,be90942f2dc2ce83a2f78ec957177b3132bfc84a994bf99a47e79d94c8da0030,107968b858da728177fbc9fbd2ca99702fc38ebc086d72632bfb07e25e9ddbf4
public/images-mist/fall-8-14-24_page-0010.jpg,archived-to-drive,1013987,185186,1688,1313,1688,1313,,public/images-mist/fall-8-14-24_page-0010.jpg.webp,9ea5cb6afc15073de9bc087dc698bc070ec362a04be8303f099fa6f15eb36fb5,9ea1757429e5430d749f6c8caa4ba4245b0074baafade34d4a9de89995ddadc8
public/images-mist/fall-8-14-24_page-0011.jpg,archived-to-drive,1114581,238650,1688,1313,1688,1313,,public/images-mist/fall-8-14-24_page-0011.jpg.webp,d2f9caa9a1f91e7a836a8c726faf560337ef3e1c5d81672a5f1f35183ec79741,6bd443a7919bb6fdd9d7f3a1b991379be153deaac682bd57afb737256f37d8c2
public/images-mist/fall-8-14-24_page-0012.jpg,archived-to-drive,1182247,282434,1688,1313,1688,1313,,public/images-mist/fall-8-14-24_page-0012.jpg.webp,c4524fee2ea6fde9a92e754f3d6c468d351fd3853e20e940a46b896872e89e9a,ee1a12567070ce8653ca77fb1894aa66dfec08807e7432523f8550ec07959a6e
public/images-mist/happy-dancer-2.png,retained,134705,116909,500,500,500,500,,,9948340896d25e68e84295d997558d1113f82f3e52ba7f9b48ee065bfe97d85d,a37ceaf0d8f1ef5b56f56bc6ad78269c2cc873208a055fa4ffa2a61b00b2c077
public/images-mist/happy-dancer.png,retained,154214,134017,453,551,453,551,,,39aca1e197a72afb41fd4cb72a4a3a4e04f3c7de04ee8274ebe24ba4efec3818,724a1f88ac51ce89d654681ae520b8a18656a84dec77e8f4daa9399aedf08c9b
public/images-mist/header.jpg,retained,307314,116762,1575,777,1575,777,public/images-mist/header-480.webp; public/images-mist/header-800.webp; public/images-mist/header-1200.webp; public/images-mist/header-1575.webp,,c85c4b3c8221f78475af866ae16ae8e723e855aea68fbb09641c5100e5d6e110,262cdfe83787202606d1e5bfcc6f16add251a90591f8f1b11f5cfa312e7d2cbc
public/images-mist/if-you-let-me-dance-poster.jpg,retained,120378,66491,1280,720,1280,720,public/images-mist/if-you-let-me-dance-poster.webp,,41412d80761de86dcd8e08c49e1f3873e12dc3376974b0749be3c203583743dc,9de57e751852f7d9e7ca5193e56162fa43705d1ce8742f3ace91a6927678184c
public/images-mist/know-crop.png,retained,284284,278436,511,879,511,879,public/images-mist/know-crop.png.webp,,62c659152bb688d4cf80822fdf82e7816c1403579959f91dc02d804afd364b3d,3b2226bfd160835c29cd88e90c37cc53c388c7a5507443287fedfd563d87a2cb
public/images-mist/know.png,retained,358271,294489,1100,879,1100,879,public/images-mist/know.webp,,08f90fbb4adb07dc49e16d495b646cdde407c4cc0ba835f433c532199c8aa6c9,b947c3f78381f00d8f3cfa7aedfe284d682c81715c2c972e46e5782df2ff2579
public/images-mist/logo-guarantee.png,retained,62014,58669,418,315,418,315,public/images-mist/logo-guarantee.webp,,db313292649edcbaf910ef67eb96f0b6aa40b86070abd093f81a180e8c1439f5,d3cef5aa0b8c7b31891768fc94f925541ff70ffeb8443f8f76b9504803914c98
public/images-mist/logo-luv.png,retained,50041,50041,400,400,400,400,,,1eb8404c6939df931e30791175bcdd7917a67510a4aaceb5ec28dc744dc26fa9,1eb8404c6939df931e30791175bcdd7917a67510a4aaceb5ec28dc744dc26fa9
public/images-mist/logo-mdu.png,retained,47992,27954,1275,397,1275,397,public/images-mist/logo-mdu.webp,,a69ddbd9b460bd6571f5e412f451f298591174c3e65e1995066e77981402146d,6d7f8042cff1962b737cb3a5415873211f0a156c2bd95f738001c30fd0b26d42
public/images-mist/logo-mtjgd.png,retained,248564,248564,1000,808,1000,808,public/images-mist/logo-mtjgd.webp,,55f406ee383f45d5b50dda339106dfb57e15d75b9266f3570e8a74d3be40f85b,55f406ee383f45d5b50dda339106dfb57e15d75b9266f3570e8a74d3be40f85b
public/images-mist/logo-safe.png,retained,92479,89597,1606,894,1606,894,public/images-mist/logo-safe.webp,,e83f02052ac237800e46c29eedc6010e626f867a8fd41191acda5b7fcc70dc3b,0b04a28309582b5d77b74dc3a5c01caabb1ede156450b3133a67d1bb4052a6eb
public/images-mist/logo-ypad.png,retained,78572,45115,1878,712,1878,712,public/images-mist/logo-ypad.webp,,851590fa47b95f8f30f49ba5b9ea6c8c9bee306c20552766e423dddc6618f0e4,a7f1715b82f5c25093804925e926faee8877301a980e490f2939412b49d42ad3
public/images-mist/lyla.png,retained,454936,369703,914,1280,914,1280,public/images-mist/lyla.png.webp,,528509ec947e248185fda5209aede0003d64baddc1fb6b69489d8c92c47145c3,852da2951eb0abdd5991fd5d7cc5eed6edd677629958fddde70c1fd14de45cb3
public/images-mist/numbers.png,retained,191925,188199,673,747,673,747,public/images-mist/numbers.png.webp; public/images-mist/numbers.webp,,cd989a390b4beda7c54ab5bf4fa47353ad56861484e8a056e86a06be3c6341ad,06ed2a6a1c81e0830b5544c840f76b0e5870556985763cb661c9a6f957617485
public/images-mist/parents-love-mistys.png,retained,294252,288910,700,1072,700,1072,public/images-mist/parents-love-mistys.png.webp; public/images-mist/parents-love-mistys.webp,,90104718816b22cdfd51a628990cc2754aded6534eb91a5fdfaddca0fe269bd1,d39fb3e52b879242abbeef0924ca72c135a6570394be8940e627b4ea22a6778e
public/images-mist/partner1.jpeg,retained,17488,9608,320,219,320,219,public/images-mist/partner1.webp,,05994f3db5f7b560074db1d3d9216154ff8d5d997d85c40c0830d9fefbd01030,c73ddadc5ac6a8352461a2704ef2302e6070087366b7d6e59977f0e7dcec760c
public/images-mist/partner2.png,retained,10996,10996,150,133,150,133,public/images-mist/partner2.webp,,cea0d6791380e9a42bcf0dca173920c33056e4c53252001fe3a16119ca138e4c,cea0d6791380e9a42bcf0dca173920c33056e4c53252001fe3a16119ca138e4c
public/images-mist/partner3.png,retained,25518,25203,400,67,400,67,public/images-mist/partner3.webp,,a2b9d94baf6a4569ec6715c85186f7af7497b6a5fc25da0946faeced698db8f8,6daf5c47e0816bd7922118254823b06d53723d3fd0cb2016fe7215a20656ed67
public/images-mist/partner4.png,retained,10985,10985,300,67,300,67,public/images-mist/partner4.webp,,27d7f8a95b19e16b9bfda26e60c5a0a570c34bbeb58530db1194b60769d37c72,27d7f8a95b19e16b9bfda26e60c5a0a570c34bbeb58530db1194b60769d37c72
public/images-mist/partner5.png,retained,18841,18320,407,106,407,106,public/images-mist/partner5.webp,,6c0be334e5f09e28640000af59828e124738d410edbebb579902caa95a081775,204ea38f712a29181af337755cdda0f38c39ea311b2bcbbb6dfd229a5081aa39
public/images-mist/partner6.jpg,retained,9026,7168,300,106,300,106,public/images-mist/partner6.webp,,c8843a99b261e906c9bb47f685ec32068526c584e1e4293adfd72185d49be89f,543bb94471bffa58b8ffe0c9088a23aaabc5c9055d3ab942076628e2bbd5bf3e
public/images-mist/partner7.png,retained,18022,18022,282,73,282,73,public/images-mist/partner7.webp,,6fc092efb255cf551f04fef211bfe729b6de5c424d24abdd53e09035b3bc1fd6,6fc092efb255cf551f04fef211bfe729b6de5c424d24abdd53e09035b3bc1fd6
public/images-mist/partner8.jpg,retained,595369,10498,359,129,359,129,public/images-mist/partner8.webp,,4c2c14ed7c0b43b1bde1274d0d900d36a90be34439126bfb04c17c957a49b196,0c85cf057f86eda627507e00d8ae0b4a2652a7721064bbdc6ebe7dccf5dad9fa
public/images-mist/partner9.png,retained,46253,45109,800,96,800,96,public/images-mist/partner9.webp,,049506f69dba42f7db39a774547ab472383cf1609fd3f8fb8af0d5440f77001a,16035bf5f5398dc844fe9ca076a66a276f24d1f814b279cb587589756e3e8cde
public/images-mist/pattern-bw-4.svg,retained,982572,982572,,,,,,,593c5d621548b51099ba88ebf2c603e73b303e439485d0cc326f1db92c3eacd2,593c5d621548b51099ba88ebf2c603e73b303e439485d0cc326f1db92c3eacd2
public/images-mist/pattern-color-6.svg,retained,1020642,1020642,,,,,,,61f5c35ad366166adcc4a55e573bbf014fa5b48686b3605d171cd54d375c5d6b,61f5c35ad366166adcc4a55e573bbf014fa5b48686b3605d171cd54d375c5d6b
public/images-mist/review-alex-leuck.png,retained,13904,13660,75,75,75,75,public/images-mist/review-alex-leuck.webp,,fe217d2ee29497244942bdbd39849f9c858d7d48800976da803c420b10d52a8a,e56eca0c5d8bde69f3c739fe8dcac92f7daa36644a125e67f20f956c4db64f3a
public/images-mist/review-jamie-dahl.png,retained,11330,11125,75,75,75,75,public/images-mist/review-jamie-dahl.webp,,913426e3247eceb40e5adc7958701e129d1fa5ef716c7a7c57d3850daf053ea2,c8cd3c0f416548cd7928db62ac26f9c987bdc19b72517eb8d5ef251afd60ece9
public/images-mist/review-latesha.png,retained,11283,11107,75,75,75,75,public/images-mist/review-latesha.webp,,64dbc9ca88326d8cf2c517781e8351651bfc728612cfd2513dd8500fbd723e3d,33274752332ba7eac8a6c518f40fee241e99b48c6442c1bc5e0f72843250e2f7
public/images-mist/review-mindy-cadd.png,retained,11517,11320,75,75,75,75,public/images-mist/review-mindy-cadd.webp,,e23a0207f9efc01fb45e00d84a7e7d7ff5e261c9e6d509412d6dbc8aae25d5e5,cbf00b0f781eec331f16486e15142c2c80f7ac8e259445ec676baddd750baefd
public/images-mist/seo-1.png,archived-to-drive,175125,25154,450,665,450,665,,public/images-mist/seo-1.png.webp,f3727bfd2e64c793d9fb2bce5058a6e5af1895fae5866bd39fc74409a231924b,5181098ce9a60855971314391e711eba2f697cf54348f2822b6866d98f2ca677
public/images-mist/seo-2.png,archived-to-drive,149992,23614,574,608,574,608,,public/images-mist/seo-2.png.webp,b8a7c0e978ee6c130e0c74c15a60cef282f4d1a89ecf76ab76a8442d3d511656,e701439ccb732cfac1daaf3d3fd26a9f99f1ced13eb314209e46bdb791a4062a
public/images-mist/seo-3.png,archived-to-drive,187614,27098,315,606,315,606,,public/images-mist/seo-3.png.webp,3fab43c89bf750c2599c2dfca4a70b95b058867c16bbefd4d3a3ff7b37ec3b2d,fa9f29c36c74511b2861c8e7ffb0d8eba238158cc705d9266ce5db494c2ecf0c
public/images-mist/seo-4.png,archived-to-drive,783680,82762,1199,1280,1199,1280,,public/images-mist/seo-4.png.webp,c8991970a9a7ac1b411caee525a453ae98ed7cb110927e5e5175505c3a28d232,49f451f7ff7f7dc2458698f40de6619d03516058f3e0787c90ef5540b23a4120
public/images-mist/staff-alex.jpg,retained,183450,148457,900,1125,900,1125,,,945c09803f4063fb7ea33df4e91cfedbdcc35ecb9ebd4929e65393eb01b91b1f,680a387bfb960eef43ec3b990cdc04398fcfece71a5230dfbee7a40a04511436
public/favicon/android-chrome-192x192.png,retained,5644,4956,192,192,192,192,,,db0ea345ffe748b7c3fc70962d2681c199adf8558477c1dd1bad4431a71a71b7,ce3281a0ba5ee12c1d3d2c68716d371ab516d3db18d37d052adb56ebf3b35077
public/favicon/android-chrome-512x512.png,retained,15592,14232,512,512,512,512,,,f89932c6a91230ea0fbd86ef07768a364f3ba374fd1d8b6a28381e8297a04955,be72eb4862a7394e77dfae0e9a4b518e52a7b4c76f89504d8ac915ffc1143208
public/favicon/apple-touch-icon.png,retained,5450,4769,180,180,180,180,,,46797ccf8c7b7f11ae37bb85a012cc8aea76776191689ac731db13441f331e0e,93254de252387adb94e8132f7c8018f4ff31dc79d3bd401eaefd0bb6abd054a8
public/favicon/favicon-16x16.png,retained,1007,445,16,16,16,16,,,a83869219ba39ff04a95964595a694088271fe99a45b5a0f55892d00d83b77cd,81d7276016b9f124586b596078676921e55896e45c09b046eb1db0b01afa9ef1
public/favicon/favicon-32x32.png,retained,1739,873,32,32,32,32,,,224b07b30277450d12808654eceb5992840441434d784ac0fdc9e8fcd3620789,2e23d90aa4f37d5b57b46c2294b29295f2bd46950de67ae4eacdd48973a9058f
public/favicon/favicon.ico,retained,15086,15086,48,48,48,48,,,6e75e37176e21e0ba78babf91fe50485991faacbd81f62dfd5478143e4f24506,6e75e37176e21e0ba78babf91fe50485991faacbd81f62dfd5478143e4f24506
public/favicon/mstile-150x150.png,retained,4296,3785,270,270,270,270,,,5320b1b247088bd28140a1127990c580557d8871fd00a2ab2661ae2b412a7589,91aa8aaba33a223ee10915eb7164736caeb3b727b58d3a7be68d0fa4ad6831f7
public/favicon/safari-pinned-tab.svg,retained,3083,3083,,,,,,,54e46a2b68c6712e854cea6d413636f7ed67ed1b282be53ebc5b059a197f9127,54e46a2b68c6712e854cea6d413636f7ed67ed1b282be53ebc5b059a197f9127
storage/app/public/uploads/0fOHuoqUNLeAEwU4hoVIitXYVKFXrEQjfg1lUsES.jpeg,retained,50561,23412,385,385,385,385,,,e3d62efa9161936dae350fb848da5b261d4d43ae7295ed4cb3776d03b8e1950a,3d20fdf47ca40954bbb0b6f7e8bb50719738126e9808f301abfe707e8b640e60
storage/app/public/uploads/0J4eTNCOZ78NluNfhVSpFs4ZJ05iJRT01BswTt44.jpg,retained,1318498,316074,3300,2550,1920,1484,,,6564004150a3c6f35f29ce77a8569c759ccda3aba33245b7f41cd1b037379c34,d31e673d2a91ef1feb6a834bfc1b8fc1dae335fc560de2ee5d0d5f9539561769
storage/app/public/uploads/0xPwiPDeU2N9LxP0h7tRDgrw9xRqKfIcsVqsECHK.jpg,retained,70038,9431,319,478,319,478,,,85f237ec86014fd05f4714ef4b5881751bd66f1d9663cbd4bc8880e8a4e37756,e3d26fbdd2a59b4d7e76716615e6a302137db031253575ec8ac1ba3059546690
storage/app/public/uploads/1KXBQ3Dmy7VMkDiogyIV3lXMkmlYRllaWi948vSW.jpg,retained,57494,9957,300,449,300,449,,,1986fec1664165595bf4cd43d67e28c6a7383b79f9eecd7558b34ed35858e342,47eebdbfa8df95a1da5dd47eaa5223750ec4cae5389677e1097753d1bab26fe8
storage/app/public/uploads/1Uqssp7FriahWQHwBMhNL3mvKjKffrGiYhoxsJg4.png,retained,293045,160872,347,358,347,358,,,c33917167aa11ca07b1ede03a2bbdbd150b13970d39dd72972e2e80cadd30ceb,45d3d6771bd72ff33b7217730479b49c0c8ac77fd457bb6d7126a6762750b4ef
storage/app/public/uploads/2705wK54mfwHFxHx7u5XpcdNY8rj6VfPWvgpfInt.jpg,retained,1318498,316074,3300,2550,1920,1484,,,6564004150a3c6f35f29ce77a8569c759ccda3aba33245b7f41cd1b037379c34,76774f2912388684bbd339246f74359b22b79c1ca50bc1e8b044f2cd95501c28
storage/app/public/uploads/3RTqiAkPL1rI7OYbfMgPvwrrfKH1vkzCYK5FLXeF.png,retained,653971,635613,1280,720,1280,720,,,3964e0befbf8601863d30d13c1297147b05fd6d20d9298ce041776ea7d4933c6,bb8112daea5e979db36bc3b7fe7e4e42e93ff6d3212a06895a2f675544479d54
storage/app/public/uploads/4HC2bGx0h8nUnvETKZHgTFyrxqrle9Ifm3yPtogW.jpg,retained,1318498,316074,3300,2550,1920,1484,,,6564004150a3c6f35f29ce77a8569c759ccda3aba33245b7f41cd1b037379c34,26c0c0ef27e741d8afd9d1b77dec98447ae8b345b8b5607c29e46a2aeb357898
storage/app/public/uploads/4rHaZ1SJ9HZik2HGdFkgMVej9WJuVBM4Uj93G2Q9.png,retained,589572,569003,1280,720,1280,720,,,fc5078da6a704ac5525a41951d379cfa33f0212d12b7b5228f533cb2a9fd2688,dad290ba2f093d4f623e97ab31e0f51117d6f59e2da4a4e1df01a47d2e0ab8ff
storage/app/public/uploads/7zrWZ6rUpRCR6hi6ZGtCjDzSMA2aPKxpfP0GwHHn.jpeg,retained,62300,26845,750,345,750,345,,,4f1b52eb15f867168610417b8af59e91f22c67a99ee56576f7e89569cf95e288,0f96e4a9d4dd2377cb6d186c68540485d72bf7dca8441dc6bbb44c2053b98330
storage/app/public/uploads/9CGNxgWewa0qaZl998NZAkwqzZfFpnnp1Rz9iaG2.jpeg,retained,64980,28031,750,345,750,345,,,aa9f1c3e63e6ae01e30f3df7f3dca8ef1081ca39fb3c529fc9111fe49ebdfd3c,e0b2436ea72f7ff90ba9fe7882ff4aca751e26f518d73d66f251ca3f163b50bb
storage/app/public/uploads/A4oQwWTT5hIBTC1GHDWj4qJ5CePn0UyKP1kHvCP6.png,retained,866489,718315,1084,484,1084,484,,,20a81a79f974744415fbed78faf05ff5c22b6221eb149f021a5ce974278f2771,6b02460bcbf8fcd68b96c79fa7c68e2e1f3ca27c784e9f73096c20976fb820ec
storage/app/public/uploads/adawqwd.png,retained,176923,150480,433,577,433,577,,,0209b00794ca0386511e5ca98614b46a82ec8d79c8ab283b7f235a457bb5dc39,7ef0cee31698e48853cb74010ea4d02b49b507d0d1ee65b9ac3d001ca753d7b4
storage/app/public/uploads/bOzGusL4mNQNNvGaEV0uRY5UWAbUTrHZ2Nben2KB.png,retained,125380,122804,500,251,500,251,,,bb2d1a8e3c3cdac8c4e8e2e8c1850ee984aa430523a8084fbe48eec4fa881098,14569eb6f2c6ca389582fb316d756def8daf767347f0fad5be82fb15b226aa91
storage/app/public/uploads/clY285pA7JrVtH7hBGEDW9wZdooZHXFshsTA2Mro.png,retained,1077821,1041222,940,788,940,788,,,843486449d04be450af7b54ec5c3a62d3c79a5b649f9539c48e5f43820c8b846,6dcc37cf02efab0032c5cead1b05d36e31d461892e25f1b301c17e25135dcfe9
storage/app/public/uploads/cMpHOmvuidNNo9dyS91MKCQb9DBLWlesizQhS5Pa.jpg,retained,1318498,316074,3300,2550,1920,1484,,,6564004150a3c6f35f29ce77a8569c759ccda3aba33245b7f41cd1b037379c34,af937d0429db45dc98a7c953714121789f10b192ac05d7d6c1ed91b15d314b91
storage/app/public/uploads/cxZ7j3Y3iC5hQn3AQ31yGUnVHpnMVQheKw4slpP5.png,retained,1124397,1091932,940,788,940,788,,,df231c8af8ce6bf45733cfc29967dd4f4b1d8a2fd2a90674b3d62a27d5c32d9a,efb4483e18a2739b521e4d5236ad6f7d28356e915af6db25195069d31e869206
storage/app/public/uploads/dance-mindset.png,retained,852871,817454,1080,1080,1080,1080,,,7f6c4a426c753fb547bb1cb5b3e6071e7e432062a7872d90a1768da09a4b84b7,4772eda3558d97fe6035dd03dce2cb0f08c2c5866f94466da172480e86a97f85
storage/app/public/uploads/dance-moms.png,retained,862235,825512,1080,1080,1080,1080,,,da222ceb185c12d27f9eae1d65f8b313a0453f3ef0c11fe55136b7c1d3010758,8d43eeaa12ebb127209cea50f5b4993d9ef2a75b836b4b55a57298110d83d3f4
storage/app/public/uploads/dance-recital.png,retained,1157873,1135443,1080,1080,1080,1080,,,64b6596aaf00554312093d2d134eb05fed417e9bba2041144e43277b34768b99,7e07b7eefffcea68b5bb1b2959217d5c30998f3c2de4ced1dc666b8fa5829540
storage/app/public/uploads/dance-summer.png,retained,1036170,1006810,1080,1080,1080,1080,,,7cae9471e490b744242c805004436b7d0f14c7a764d0393ccb9df4d4c70e5e06,b41fe9f162cefb2122a1781cf06bf11333ea4d5343b964153d68890fe18684d7
storage/app/public/uploads/dancer-contemporary-our-city.jpg,retained,389572,78337,1189,1783,1189,1783,,,9f67ed349d8aad86b122df01bdac4271aecc5909f2ff71d27208b2866bb3a494,aee830e3be6bf86270ac4f4de32ac672c1357454ce161f2bf432b2b2089abeb0
storage/app/public/uploads/dancer-in-chair-with-tap-shoes.jpg,retained,82008,13590,342,512,342,512,,,f6624566f26f032d47c9d4aaed96b50e5c9a0df45065714ee26443f3c15b2ed3,9dc4a4df6ba0d4419a72183a65d20339d9988a9ad4193c8f727e84b406eb5595
storage/app/public/uploads/EEeBqe1y4MlfJdpok2douRyYB2VMkBo2J4ffRBko.png,retained,1077821,1041222,940,788,940,788,,,843486449d04be450af7b54ec5c3a62d3c79a5b649f9539c48e5f43820c8b846,6dcc37cf02efab0032c5cead1b05d36e31d461892e25f1b301c17e25135dcfe9
storage/app/public/uploads/epthmcJKhmJzzJBRHPzAzw2kZp9KPUCb5mHyVPrA.jpeg,retained,408770,216008,1800,1000,1800,1000,,,c9d7f3af0feade96a0a1838a35bba3491f99b56572b889f09d28efb332c35615,af322ccb0f3137028b874021d337bcdb03ec6f1832f0f0b0458eb601fc782366
storage/app/public/uploads/fF5SNoyojgyjvc08IlRRod02pYZP1iSWxbP4C9HS.jpeg,retained,62300,26845,750,345,750,345,,,4f1b52eb15f867168610417b8af59e91f22c67a99ee56576f7e89569cf95e288,757d1642ef485fa59399f1667c0eb974234d5c814f117f497b8ff0c9237998f2
storage/app/public/uploads/fkYA9vTOvPlGSX9iCi4Pv8zvPabDBDJavpy77cJU.png,retained,125380,122804,500,251,500,251,,,bb2d1a8e3c3cdac8c4e8e2e8c1850ee984aa430523a8084fbe48eec4fa881098,0e08826e4743794b0f9a38cd7cf222801c8e9cc2883a256728e2c697fd59f488
storage/app/public/uploads/FryVoVGIEJspV1GakMhGrgJ0ht2lq8OWhlRAAVAU.jpeg,retained,1043153,201228,1800,1200,1800,1200,,,e2295bf7bd320e4c4d3ef44e0136f582941f07cb368910e95cc92680c470b6e5,950443c8d1e8f3da0e56c202c9e33cbbf23da91a4eac3940a55c298f34d5d69a
storage/app/public/uploads/hello-there-you.jpg,retained,62580,9593,290,434,290,434,,,4aa8ed400b7c00ea9a3f89da46d99f19490960f06d939ec3ab967f241f8db477,a66a0ed7237b681cee44f6e139306699f8cdeb9926fad88983abdbf0650ed2f9
storage/app/public/uploads/IoA0gFJgYf4nqZSU2keV3H731gZqHRFtjHubBpzt.png,retained,589572,569003,1280,720,1280,720,,,fc5078da6a704ac5525a41951d379cfa33f0212d12b7b5228f533cb2a9fd2688,dad290ba2f093d4f623e97ab31e0f51117d6f59e2da4a4e1df01a47d2e0ab8ff
storage/app/public/uploads/IYMLM45gmCHJW1c8UmldOXjspYrFK869KZf39TDE.png,retained,451221,436953,1469,1947,1469,1947,,,b2c536c6ae02ede073a1647ea44a06f57271ab75f4e87d968ef34d95fe032f2f,3d9bbeba185e125768ae1cd9c6e104050c795d300464c08d4ec68226d3a19f6b
storage/app/public/uploads/jdfD4SBhWV315cjWGWCTy8Ek12RSgsNHBXPZsHfF.jpg,retained,57494,9957,300,449,300,449,,,1986fec1664165595bf4cd43d67e28c6a7383b79f9eecd7558b34ed35858e342,f9ad508a8d81eed6ca723a105a742e2f8b6143633074f498d386c4b01a954695
storage/app/public/uploads/la-crosse-dance-healing.png,retained,99884,91397,280,392,280,392,,,2bd4eab03dad5c0df70d97683c816ed20244033ca2b0e6de2274a70d812a43e3,210ddc10ec992040794c54a4439fc0769d7052bd782df130f4afd76e7d0ab7f9
storage/app/public/uploads/lAvMD521tpecUCHtmTmf54ONsi3QsbtJlHtQgC5K.jpeg,retained,314114,126543,1200,800,1200,800,,,d3d3aadd61dad7f44809fb36a35f79d9ba1c4d86616cf5ee981f30bfcc820bfd,48c35e6be6e7a956eec83879ea8ca4246f22095a3393c66d3f882c453c8e2cc9
storage/app/public/uploads/LgoKkrIot98TgLmfbBHluPkmjIxdAZa6KhpNaZh1.jpeg,retained,315689,170563,1800,844,1800,844,,,d8770dcea66596f20d88db057436fbfc694d3773d6740f7397497f52682eeb1d,3dea2ac931798cd21a6a7bf822e00d1af0a45e03aac6843e9ad615338afe20ab
storage/app/public/uploads/lth2KGRlucXgViHWPzy2g8Yt6G2zS3MXtnt0uvr4.jpeg,retained,62300,26845,750,345,750,345,,,4f1b52eb15f867168610417b8af59e91f22c67a99ee56576f7e89569cf95e288,05ea9585a793d151ad6015c1e0ad3791bf62243689d7b89bd182c5879185317a
storage/app/public/uploads/M2tVc1itSEe9vUjpbWxdyeT8cZbVNeAiLPnbJFqZ.jpeg,retained,67413,28999,750,345,750,345,,,623db9ef6fe68120340fd021c8bfffd1c3fc62dae6a8958d8018b0745f93fa89,447b77ec07b6bf1ad1db75131d733221beaca1fa2579335c89ef8c4ad81aeaf3
storage/app/public/uploads/M68ZAig25HfnZLTThP1m01RZxddGsq7cc4SZM2gQ.png,retained,589572,569003,1280,720,1280,720,,,fc5078da6a704ac5525a41951d379cfa33f0212d12b7b5228f533cb2a9fd2688,dad290ba2f093d4f623e97ab31e0f51117d6f59e2da4a4e1df01a47d2e0ab8ff
storage/app/public/uploads/MlUkDdAmGuHE7GEOdMG8Gud6ZsPV2C1XXZKudkQ0.jpeg,retained,61963,26556,750,345,750,345,,,05500a8382d545ae210ea32821bc0de79f8702c89f9faeb57bc41c03a180c9b2,67a14bffda3aa791acf9c6bdafc7817d03f176b44f8c07c3a2c352d98006fdea
storage/app/public/uploads/Ms8KLD3mx84tzdz49GbGFsRIhXnXkvHlIkYvPdrK.jpeg,retained,64862,28026,750,345,750,345,,,cfabb1e80b3011514e8c4d5722e2203c548eb2305888c54952f21314a245cbff,1f629d147b60946581b8983cdfa6ebf430c9884064e6f23208137afccd582704
storage/app/public/uploads/o8llqOCVAY6BuobXcwYZVlwkU8FOsG3rqmLBXnkS.jpeg,retained,87905,29584,750,345,750,345,,,c60615994a0cb6e7cc29c1946f60554522811c095b57eece428d973c3df91670,9420fc540e7aecd15a08b191e58ff57d36b07889a08f8b1912810b5330b42d49
storage/app/public/uploads/ooga-booga.png,retained,54679,52707,260,259,260,259,,,de2a361044b962717ddc42b3c55adac25fad24809900090e99e2ca9921e716b5,0f05cedea82d5dfc6a5d98cd953014c82c30b6d8e391a6dd76aa73d88d9e6da5
storage/app/public/uploads/our-city-contemporary-dancer.jpg,retained,81514,9069,318,476,318,476,,,61567681f709407c6593c0ca866bd607ed07a37f9f1c1ff8814c63e7ed9c1b7a,207ac81607cf1bbe271ae0e83943373fe2f508c27127270077a99a6ea5c78194
storage/app/public/uploads/our-city-tap-dance.jpg,retained,56681,8674,342,512,342,512,,,4717fb9d86248e502b0571784b62ce440c769341e685a7f27f8ecfbaea7a9bd9,5131ccd662d2c7b3588995d4fe3ae63583e33c6dce561516a42b323d991e297b
storage/app/public/uploads/oWaBg3sqU0d9rVkmgOBt9aH4mTswVNHVSdReSflO.jpeg,retained,41968,17094,385,385,385,385,,,299ba8a6830b1bec5e54a3275a0f27046a3b5773aff031dd7e6e37a13d98218a,36f61f484f8d6a9bcc78e4cfcb20f7df44cd3af278f6794eed849ff7b39ef4e3
storage/app/public/uploads/q0d1dKZ8ChpL8GZrOLHYxaDRg9phY3dBAD8OJT08.jpeg,retained,24102,14128,397,198,397,198,,,789a814bf3c9613ff650e83851fb0160da325d2b97014f5f81b8068f5a62ad1c,a194f477e14d01c72cf53da34ef377324e8181ec1dfc309183b177c425d636b6
storage/app/public/uploads/r0vs4YDtRCnV17YIXVZx4BXEFhoVMH8272iJyxtW.jpeg,retained,64862,28026,750,345,750,345,,,cfabb1e80b3011514e8c4d5722e2203c548eb2305888c54952f21314a245cbff,1f629d147b60946581b8983cdfa6ebf430c9884064e6f23208137afccd582704
storage/app/public/uploads/R9agQtJp8fkqsfvsr7mYOKXWWXqUpZ0ihftcyGFk.jpeg,retained,1660089,398246,3225,3024,1920,1800,,,f01a008b6a038dc7952839505e1da44985ff08cc9ec1fa9c962a5e608c09314e,31b833bcf553df8aa6a4e6f7aae406a18f854af3ef0351a47a2f115df5ba63ef
storage/app/public/uploads/rAPViBHPyB177lfLHKpw3FpnxhIyGUTUrSJWZI6a.jpeg,retained,391946,218865,1800,1000,1800,1000,,,19df5b88c2cf4356ab82fb182aca29eff2ac2d91d5f9920a2ae5e9ffc49819eb,05a4f0dbe24a672e86bfd99b6cf51e7435a87fdce4cf1a07af87549a6a4c587b
storage/app/public/uploads/RXu1KNAfhTZMiNVi6TvRNTDrUqpGj0youuKSan1G.jpeg,retained,56598,50787,457,640,457,640,,,aef19a701256a3bc416b9964b8e7fb199a4bdfffc6f7f0e7aa91346b9089e562,acb077784f01ddfeab3b0a519c16456a93a3dc3fd49a82beb0d477687303b748
storage/app/public/uploads/syiKK4oyfaJzmTKPkLZEWe1IcU6eM5Buzmq6EzDY.png,retained,653971,635613,1280,720,1280,720,,,3964e0befbf8601863d30d13c1297147b05fd6d20d9298ce041776ea7d4933c6,bb8112daea5e979db36bc3b7fe7e4e42e93ff6d3212a06895a2f675544479d54
storage/app/public/uploads/tcm4kjUa0UAGeGkx3GQaq7FEWFlDkDQ2STfoAevh.jpg,retained,57462,11110,304,456,304,456,,,b32ed8b5adf66b22899bae23e6365f2cf796492e70454da0f9ab36cdd34bc845,75b4c854b72f7f63d6b5bfa8031bcce5f88e3862863fd8154ef5de66aa5a9c05
storage/app/public/uploads/this-is-a-keyword.jpg,retained,60112,9915,324,486,324,486,,,76d053c10473315a679f3ad26c662aaf2a67264116cf40fc389b1f71ce95f95b,9edcfd14972282c7f9a47ea7e21ca35ff4337bdb5eb9492e90b6d75e02e8b3ca
storage/app/public/uploads/udB4ZPKYxVfj2yI5aTiJPBTnT5dmxiUGZuZpcGIT.jpeg,retained,224268,103291,750,1050,750,1050,,,dbf3068926080af47a2da2f2d1c7dae42c095e7acf35fcabae761a0ed73b3595,a1d912bed99d89e56df187d805bfbef20d6597ef1028a0ba4026aece692b07ec
storage/app/public/uploads/Y9TOCB8FScFgcU3ubW8NKKFThGqBv0rNeHggPWBP.jpg,retained,58635,8753,332,498,332,498,,,f26886b0155668d566e8e4c3d3905c617467e55ca0c78632ec73ff97fc2c420f,3271753bc9ae29fdcc0a3c1140724f71d47cc434ebbce28a228f15b434136354
storage/app/public/uploads/Z1GNJ1C6xmJop0av83qDAecfv7HaJh648NcyIetv.png,retained,1077821,1041222,940,788,940,788,,,843486449d04be450af7b54ec5c3a62d3c79a5b649f9539c48e5f43820c8b846,6dcc37cf02efab0032c5cead1b05d36e31d461892e25f1b301c17e25135dcfe9
storage/app/public/uploads/zCpYmoPViK8JUWPHdjVapC3apmHB6x3BuBdKEZvp.jpeg,retained,488729,282791,1800,1200,1800,1200,,,1c2635d239cef0c407cf85eae65a9981048e05143bd67a49a64f9121a31147f6,6d610ed716905b9a9bf423f846c5d80a80e4295c3722e928c62addbca0e0f006
storage/app/public/uploads/zSpsC9zfwnNHgKrSlfWA90atH4837j4N760Tqdp1.png,retained,472107,457151,606,606,606,606,,,a9f605dce4c3fd03b119f26434ef9a7e2d56948e2c1173c2edab5a0564513942,e33d3382d3a2216694ba284bb9e8f87e92577a48a9a61496e8c5644a935d71ee
storage/app/public/uploads/Zzu0cfX9qHFqJLbEDeq4eaq3e1EgMcBi4EOZ2T9s.jpg,retained,1272629,306585,3268,2550,1920,1498,,,665bcc2d88dead27b5e40617a9a85bbaa42cf4576d3f1302bd3a4baaa723c5c2,72f3076a3fbd972233e985beaebd59e2decaf9cb57112c50e9beccdd1b303afb
